image_id,image_path,filename
34522,myntradataset\images\34522.jpg,34522.jpg
6807,myntradataset\images\6807.jpg,6807.jpg
20194,myntradataset\images\20194.jpg,20194.jpg
27865,myntradataset\images\27865.jpg,27865.jpg
45293,myntradataset\images\45293.jpg,45293.jpg
51566,myntradataset\images\51566.jpg,51566.jpg
54108,myntradataset\images\54108.jpg,54108.jpg
41385,myntradataset\images\41385.jpg,41385.jpg
11041,myntradataset\images\11041.jpg,11041.jpg
17824,myntradataset\images\17824.jpg,17824.jpg
46059,myntradataset\images\46059.jpg,46059.jpg
46383,myntradataset\images\46383.jpg,46383.jpg
48577,myntradataset\images\48577.jpg,48577.jpg
57012,myntradataset\images\57012.jpg,57012.jpg
46195,myntradataset\images\46195.jpg,46195.jpg
16145,myntradataset\images\16145.jpg,16145.jpg
44951,myntradataset\images\44951.jpg,44951.jpg
25174,myntradataset\images\25174.jpg,25174.jpg
32231,myntradataset\images\32231.jpg,32231.jpg
14715,myntradataset\images\14715.jpg,14715.jpg
29501,myntradataset\images\29501.jpg,29501.jpg
30754,myntradataset\images\30754.jpg,30754.jpg
45328,myntradataset\images\45328.jpg,45328.jpg
4769,myntradataset\images\4769.jpg,4769.jpg
34607,myntradataset\images\34607.jpg,34607.jpg
56507,myntradataset\images\56507.jpg,56507.jpg
51454,myntradataset\images\51454.jpg,51454.jpg
1654,myntradataset\images\1654.jpg,1654.jpg
18233,myntradataset\images\18233.jpg,18233.jpg
7375,myntradataset\images\7375.jpg,7375.jpg
17763,myntradataset\images\17763.jpg,17763.jpg
36269,myntradataset\images\36269.jpg,36269.jpg
45256,myntradataset\images\45256.jpg,45256.jpg
52827,myntradataset\images\52827.jpg,52827.jpg
3253,myntradataset\images\3253.jpg,3253.jpg
14337,myntradataset\images\14337.jpg,14337.jpg
44040,myntradataset\images\44040.jpg,44040.jpg
52370,myntradataset\images\52370.jpg,52370.jpg
2606,myntradataset\images\2606.jpg,2606.jpg
28118,myntradataset\images\28118.jpg,28118.jpg
31451,myntradataset\images\31451.jpg,31451.jpg
11128,myntradataset\images\11128.jpg,11128.jpg
25271,myntradataset\images\25271.jpg,25271.jpg
58569,myntradataset\images\58569.jpg,58569.jpg
47136,myntradataset\images\47136.jpg,47136.jpg
48460,myntradataset\images\48460.jpg,48460.jpg
52679,myntradataset\images\52679.jpg,52679.jpg
29821,myntradataset\images\29821.jpg,29821.jpg
56158,myntradataset\images\56158.jpg,56158.jpg
48954,myntradataset\images\48954.jpg,48954.jpg
26903,myntradataset\images\26903.jpg,26903.jpg
42880,myntradataset\images\42880.jpg,42880.jpg
39646,myntradataset\images\39646.jpg,39646.jpg
43158,myntradataset\images\43158.jpg,43158.jpg
57761,myntradataset\images\57761.jpg,57761.jpg
46582,myntradataset\images\46582.jpg,46582.jpg
28877,myntradataset\images\28877.jpg,28877.jpg
38540,myntradataset\images\38540.jpg,38540.jpg
28690,myntradataset\images\28690.jpg,28690.jpg
55475,myntradataset\images\55475.jpg,55475.jpg
16743,myntradataset\images\16743.jpg,16743.jpg
17860,myntradataset\images\17860.jpg,17860.jpg
42640,myntradataset\images\42640.jpg,42640.jpg
29299,myntradataset\images\29299.jpg,29299.jpg
9028,myntradataset\images\9028.jpg,9028.jpg
58978,myntradataset\images\58978.jpg,58978.jpg
33981,myntradataset\images\33981.jpg,33981.jpg
17852,myntradataset\images\17852.jpg,17852.jpg
58456,myntradataset\images\58456.jpg,58456.jpg
28590,myntradataset\images\28590.jpg,28590.jpg
13067,myntradataset\images\13067.jpg,13067.jpg
15086,myntradataset\images\15086.jpg,15086.jpg
21056,myntradataset\images\21056.jpg,21056.jpg
27889,myntradataset\images\27889.jpg,27889.jpg
30246,myntradataset\images\30246.jpg,30246.jpg
58744,myntradataset\images\58744.jpg,58744.jpg
12923,myntradataset\images\12923.jpg,12923.jpg
37148,myntradataset\images\37148.jpg,37148.jpg
32182,myntradataset\images\32182.jpg,32182.jpg
18270,myntradataset\images\18270.jpg,18270.jpg
21279,myntradataset\images\21279.jpg,21279.jpg
17400,myntradataset\images\17400.jpg,17400.jpg
17505,myntradataset\images\17505.jpg,17505.jpg
32971,myntradataset\images\32971.jpg,32971.jpg
28329,myntradataset\images\28329.jpg,28329.jpg
54049,myntradataset\images\54049.jpg,54049.jpg
41702,myntradataset\images\41702.jpg,41702.jpg
13297,myntradataset\images\13297.jpg,13297.jpg
27769,myntradataset\images\27769.jpg,27769.jpg
31325,myntradataset\images\31325.jpg,31325.jpg
56963,myntradataset\images\56963.jpg,56963.jpg
12708,myntradataset\images\12708.jpg,12708.jpg
22905,myntradataset\images\22905.jpg,22905.jpg
21660,myntradataset\images\21660.jpg,21660.jpg
48583,myntradataset\images\48583.jpg,48583.jpg
59253,myntradataset\images\59253.jpg,59253.jpg
12120,myntradataset\images\12120.jpg,12120.jpg
3983,myntradataset\images\3983.jpg,3983.jpg
43668,myntradataset\images\43668.jpg,43668.jpg
35705,myntradataset\images\35705.jpg,35705.jpg
39327,myntradataset\images\39327.jpg,39327.jpg
46483,myntradataset\images\46483.jpg,46483.jpg
10263,myntradataset\images\10263.jpg,10263.jpg
13711,myntradataset\images\13711.jpg,13711.jpg
20562,myntradataset\images\20562.jpg,20562.jpg
57727,myntradataset\images\57727.jpg,57727.jpg
27846,myntradataset\images\27846.jpg,27846.jpg
47548,myntradataset\images\47548.jpg,47548.jpg
6456,myntradataset\images\6456.jpg,6456.jpg
57196,myntradataset\images\57196.jpg,57196.jpg
48403,myntradataset\images\48403.jpg,48403.jpg
25433,myntradataset\images\25433.jpg,25433.jpg
9921,myntradataset\images\9921.jpg,9921.jpg
14501,myntradataset\images\14501.jpg,14501.jpg
30572,myntradataset\images\30572.jpg,30572.jpg
27986,myntradataset\images\27986.jpg,27986.jpg
2124,myntradataset\images\2124.jpg,2124.jpg
32780,myntradataset\images\32780.jpg,32780.jpg
33457,myntradataset\images\33457.jpg,33457.jpg
19749,myntradataset\images\19749.jpg,19749.jpg
47249,myntradataset\images\47249.jpg,47249.jpg
18376,myntradataset\images\18376.jpg,18376.jpg
48254,myntradataset\images\48254.jpg,48254.jpg
3501,myntradataset\images\3501.jpg,3501.jpg
41908,myntradataset\images\41908.jpg,41908.jpg
35811,myntradataset\images\35811.jpg,35811.jpg
15612,myntradataset\images\15612.jpg,15612.jpg
38359,myntradataset\images\38359.jpg,38359.jpg
7678,myntradataset\images\7678.jpg,7678.jpg
21136,myntradataset\images\21136.jpg,21136.jpg
2316,myntradataset\images\2316.jpg,2316.jpg
35055,myntradataset\images\35055.jpg,35055.jpg
39877,myntradataset\images\39877.jpg,39877.jpg
11954,myntradataset\images\11954.jpg,11954.jpg
11136,myntradataset\images\11136.jpg,11136.jpg
12812,myntradataset\images\12812.jpg,12812.jpg
12005,myntradataset\images\12005.jpg,12005.jpg
36615,myntradataset\images\36615.jpg,36615.jpg
7504,myntradataset\images\7504.jpg,7504.jpg
38467,myntradataset\images\38467.jpg,38467.jpg
15961,myntradataset\images\15961.jpg,15961.jpg
18368,myntradataset\images\18368.jpg,18368.jpg
11892,myntradataset\images\11892.jpg,11892.jpg
22601,myntradataset\images\22601.jpg,22601.jpg
14771,myntradataset\images\14771.jpg,14771.jpg
39967,myntradataset\images\39967.jpg,39967.jpg
27022,myntradataset\images\27022.jpg,27022.jpg
58452,myntradataset\images\58452.jpg,58452.jpg
23145,myntradataset\images\23145.jpg,23145.jpg
2270,myntradataset\images\2270.jpg,2270.jpg
11263,myntradataset\images\11263.jpg,11263.jpg
35186,myntradataset\images\35186.jpg,35186.jpg
13715,myntradataset\images\13715.jpg,13715.jpg
56361,myntradataset\images\56361.jpg,56361.jpg
4187,myntradataset\images\4187.jpg,4187.jpg
35491,myntradataset\images\35491.jpg,35491.jpg
8880,myntradataset\images\8880.jpg,8880.jpg
18432,myntradataset\images\18432.jpg,18432.jpg
50884,myntradataset\images\50884.jpg,50884.jpg
9960,myntradataset\images\9960.jpg,9960.jpg
20200,myntradataset\images\20200.jpg,20200.jpg
32561,myntradataset\images\32561.jpg,32561.jpg
29928,myntradataset\images\29928.jpg,29928.jpg
49924,myntradataset\images\49924.jpg,49924.jpg
36285,myntradataset\images\36285.jpg,36285.jpg
38474,myntradataset\images\38474.jpg,38474.jpg
50610,myntradataset\images\50610.jpg,50610.jpg
48500,myntradataset\images\48500.jpg,48500.jpg
59356,myntradataset\images\59356.jpg,59356.jpg
21116,myntradataset\images\21116.jpg,21116.jpg
41841,myntradataset\images\41841.jpg,41841.jpg
37083,myntradataset\images\37083.jpg,37083.jpg
53454,myntradataset\images\53454.jpg,53454.jpg
53084,myntradataset\images\53084.jpg,53084.jpg
39530,myntradataset\images\39530.jpg,39530.jpg
56855,myntradataset\images\56855.jpg,56855.jpg
50929,myntradataset\images\50929.jpg,50929.jpg
29051,myntradataset\images\29051.jpg,29051.jpg
42028,myntradataset\images\42028.jpg,42028.jpg
16634,myntradataset\images\16634.jpg,16634.jpg
12740,myntradataset\images\12740.jpg,12740.jpg
6344,myntradataset\images\6344.jpg,6344.jpg
58628,myntradataset\images\58628.jpg,58628.jpg
30587,myntradataset\images\30587.jpg,30587.jpg
21521,myntradataset\images\21521.jpg,21521.jpg
5861,myntradataset\images\5861.jpg,5861.jpg
9352,myntradataset\images\9352.jpg,9352.jpg
54875,myntradataset\images\54875.jpg,54875.jpg
29099,myntradataset\images\29099.jpg,29099.jpg
8153,myntradataset\images\8153.jpg,8153.jpg
53473,myntradataset\images\53473.jpg,53473.jpg
16052,myntradataset\images\16052.jpg,16052.jpg
40082,myntradataset\images\40082.jpg,40082.jpg
52357,myntradataset\images\52357.jpg,52357.jpg
56558,myntradataset\images\56558.jpg,56558.jpg
45619,myntradataset\images\45619.jpg,45619.jpg
33623,myntradataset\images\33623.jpg,33623.jpg
53530,myntradataset\images\53530.jpg,53530.jpg
52965,myntradataset\images\52965.jpg,52965.jpg
37306,myntradataset\images\37306.jpg,37306.jpg
15622,myntradataset\images\15622.jpg,15622.jpg
48908,myntradataset\images\48908.jpg,48908.jpg
2916,myntradataset\images\2916.jpg,2916.jpg
58565,myntradataset\images\58565.jpg,58565.jpg
38656,myntradataset\images\38656.jpg,38656.jpg
31692,myntradataset\images\31692.jpg,31692.jpg
53453,myntradataset\images\53453.jpg,53453.jpg
45999,myntradataset\images\45999.jpg,45999.jpg
15740,myntradataset\images\15740.jpg,15740.jpg
6826,myntradataset\images\6826.jpg,6826.jpg
54718,myntradataset\images\54718.jpg,54718.jpg
6950,myntradataset\images\6950.jpg,6950.jpg
52767,myntradataset\images\52767.jpg,52767.jpg
28617,myntradataset\images\28617.jpg,28617.jpg
47397,myntradataset\images\47397.jpg,47397.jpg
30739,myntradataset\images\30739.jpg,30739.jpg
54529,myntradataset\images\54529.jpg,54529.jpg
14017,myntradataset\images\14017.jpg,14017.jpg
7687,myntradataset\images\7687.jpg,7687.jpg
6555,myntradataset\images\6555.jpg,6555.jpg
26068,myntradataset\images\26068.jpg,26068.jpg
51232,myntradataset\images\51232.jpg,51232.jpg
26868,myntradataset\images\26868.jpg,26868.jpg
49813,myntradataset\images\49813.jpg,49813.jpg
28180,myntradataset\images\28180.jpg,28180.jpg
11420,myntradataset\images\11420.jpg,11420.jpg
2239,myntradataset\images\2239.jpg,2239.jpg
40531,myntradataset\images\40531.jpg,40531.jpg
13381,myntradataset\images\13381.jpg,13381.jpg
7875,myntradataset\images\7875.jpg,7875.jpg
37881,myntradataset\images\37881.jpg,37881.jpg
11574,myntradataset\images\11574.jpg,11574.jpg
13781,myntradataset\images\13781.jpg,13781.jpg
22999,myntradataset\images\22999.jpg,22999.jpg
4312,myntradataset\images\4312.jpg,4312.jpg
15023,myntradataset\images\15023.jpg,15023.jpg
28860,myntradataset\images\28860.jpg,28860.jpg
38292,myntradataset\images\38292.jpg,38292.jpg
8900,myntradataset\images\8900.jpg,8900.jpg
32527,myntradataset\images\32527.jpg,32527.jpg
52331,myntradataset\images\52331.jpg,52331.jpg
52886,myntradataset\images\52886.jpg,52886.jpg
54338,myntradataset\images\54338.jpg,54338.jpg
56957,myntradataset\images\56957.jpg,56957.jpg
43790,myntradataset\images\43790.jpg,43790.jpg
29790,myntradataset\images\29790.jpg,29790.jpg
10197,myntradataset\images\10197.jpg,10197.jpg
27756,myntradataset\images\27756.jpg,27756.jpg
56076,myntradataset\images\56076.jpg,56076.jpg
52348,myntradataset\images\52348.jpg,52348.jpg
16086,myntradataset\images\16086.jpg,16086.jpg
2971,myntradataset\images\2971.jpg,2971.jpg
38907,myntradataset\images\38907.jpg,38907.jpg
39063,myntradataset\images\39063.jpg,39063.jpg
46401,myntradataset\images\46401.jpg,46401.jpg
22739,myntradataset\images\22739.jpg,22739.jpg
8292,myntradataset\images\8292.jpg,8292.jpg
36397,myntradataset\images\36397.jpg,36397.jpg
40933,myntradataset\images\40933.jpg,40933.jpg
32462,myntradataset\images\32462.jpg,32462.jpg
19854,myntradataset\images\19854.jpg,19854.jpg
19656,myntradataset\images\19656.jpg,19656.jpg
36503,myntradataset\images\36503.jpg,36503.jpg
21168,myntradataset\images\21168.jpg,21168.jpg
9230,myntradataset\images\9230.jpg,9230.jpg
51034,myntradataset\images\51034.jpg,51034.jpg
19700,myntradataset\images\19700.jpg,19700.jpg
4497,myntradataset\images\4497.jpg,4497.jpg
13056,myntradataset\images\13056.jpg,13056.jpg
39652,myntradataset\images\39652.jpg,39652.jpg
39137,myntradataset\images\39137.jpg,39137.jpg
13784,myntradataset\images\13784.jpg,13784.jpg
56501,myntradataset\images\56501.jpg,56501.jpg
55644,myntradataset\images\55644.jpg,55644.jpg
54302,myntradataset\images\54302.jpg,54302.jpg
52653,myntradataset\images\52653.jpg,52653.jpg
22454,myntradataset\images\22454.jpg,22454.jpg
34902,myntradataset\images\34902.jpg,34902.jpg
18050,myntradataset\images\18050.jpg,18050.jpg
3191,myntradataset\images\3191.jpg,3191.jpg
55865,myntradataset\images\55865.jpg,55865.jpg
51177,myntradataset\images\51177.jpg,51177.jpg
30755,myntradataset\images\30755.jpg,30755.jpg
17439,myntradataset\images\17439.jpg,17439.jpg
11808,myntradataset\images\11808.jpg,11808.jpg
51906,myntradataset\images\51906.jpg,51906.jpg
9689,myntradataset\images\9689.jpg,9689.jpg
57703,myntradataset\images\57703.jpg,57703.jpg
50440,myntradataset\images\50440.jpg,50440.jpg
33864,myntradataset\images\33864.jpg,33864.jpg
19177,myntradataset\images\19177.jpg,19177.jpg
20322,myntradataset\images\20322.jpg,20322.jpg
45404,myntradataset\images\45404.jpg,45404.jpg
18600,myntradataset\images\18600.jpg,18600.jpg
26279,myntradataset\images\26279.jpg,26279.jpg
32572,myntradataset\images\32572.jpg,32572.jpg
47359,myntradataset\images\47359.jpg,47359.jpg
27029,myntradataset\images\27029.jpg,27029.jpg
5421,myntradataset\images\5421.jpg,5421.jpg
31200,myntradataset\images\31200.jpg,31200.jpg
38633,myntradataset\images\38633.jpg,38633.jpg
51709,myntradataset\images\51709.jpg,51709.jpg
2706,myntradataset\images\2706.jpg,2706.jpg
51078,myntradataset\images\51078.jpg,51078.jpg
12619,myntradataset\images\12619.jpg,12619.jpg
22752,myntradataset\images\22752.jpg,22752.jpg
40067,myntradataset\images\40067.jpg,40067.jpg
10394,myntradataset\images\10394.jpg,10394.jpg
13227,myntradataset\images\13227.jpg,13227.jpg
28437,myntradataset\images\28437.jpg,28437.jpg
56995,myntradataset\images\56995.jpg,56995.jpg
23134,myntradataset\images\23134.jpg,23134.jpg
53749,myntradataset\images\53749.jpg,53749.jpg
20140,myntradataset\images\20140.jpg,20140.jpg
3163,myntradataset\images\3163.jpg,3163.jpg
7708,myntradataset\images\7708.jpg,7708.jpg
16229,myntradataset\images\16229.jpg,16229.jpg
25982,myntradataset\images\25982.jpg,25982.jpg
49088,myntradataset\images\49088.jpg,49088.jpg
38489,myntradataset\images\38489.jpg,38489.jpg
35105,myntradataset\images\35105.jpg,35105.jpg
2833,myntradataset\images\2833.jpg,2833.jpg
5147,myntradataset\images\5147.jpg,5147.jpg
12977,myntradataset\images\12977.jpg,12977.jpg
25938,myntradataset\images\25938.jpg,25938.jpg
7646,myntradataset\images\7646.jpg,7646.jpg
27191,myntradataset\images\27191.jpg,27191.jpg
10137,myntradataset\images\10137.jpg,10137.jpg
50309,myntradataset\images\50309.jpg,50309.jpg
25323,myntradataset\images\25323.jpg,25323.jpg
37883,myntradataset\images\37883.jpg,37883.jpg
37073,myntradataset\images\37073.jpg,37073.jpg
51919,myntradataset\images\51919.jpg,51919.jpg
18485,myntradataset\images\18485.jpg,18485.jpg
3132,myntradataset\images\3132.jpg,3132.jpg
40588,myntradataset\images\40588.jpg,40588.jpg
9945,myntradataset\images\9945.jpg,9945.jpg
48795,myntradataset\images\48795.jpg,48795.jpg
41781,myntradataset\images\41781.jpg,41781.jpg
59219,myntradataset\images\59219.jpg,59219.jpg
48250,myntradataset\images\48250.jpg,48250.jpg
39333,myntradataset\images\39333.jpg,39333.jpg
56560,myntradataset\images\56560.jpg,56560.jpg
19606,myntradataset\images\19606.jpg,19606.jpg
46675,myntradataset\images\46675.jpg,46675.jpg
16783,myntradataset\images\16783.jpg,16783.jpg
55433,myntradataset\images\55433.jpg,55433.jpg
23178,myntradataset\images\23178.jpg,23178.jpg
22854,myntradataset\images\22854.jpg,22854.jpg
24094,myntradataset\images\24094.jpg,24094.jpg
22012,myntradataset\images\22012.jpg,22012.jpg
36769,myntradataset\images\36769.jpg,36769.jpg
38783,myntradataset\images\38783.jpg,38783.jpg
38324,myntradataset\images\38324.jpg,38324.jpg
45385,myntradataset\images\45385.jpg,45385.jpg
9907,myntradataset\images\9907.jpg,9907.jpg
13078,myntradataset\images\13078.jpg,13078.jpg
28239,myntradataset\images\28239.jpg,28239.jpg
15009,myntradataset\images\15009.jpg,15009.jpg
12778,myntradataset\images\12778.jpg,12778.jpg
30813,myntradataset\images\30813.jpg,30813.jpg
6820,myntradataset\images\6820.jpg,6820.jpg
47651,myntradataset\images\47651.jpg,47651.jpg
35918,myntradataset\images\35918.jpg,35918.jpg
19564,myntradataset\images\19564.jpg,19564.jpg
34910,myntradataset\images\34910.jpg,34910.jpg
31196,myntradataset\images\31196.jpg,31196.jpg
45600,myntradataset\images\45600.jpg,45600.jpg
16899,myntradataset\images\16899.jpg,16899.jpg
26552,myntradataset\images\26552.jpg,26552.jpg
52814,myntradataset\images\52814.jpg,52814.jpg
8419,myntradataset\images\8419.jpg,8419.jpg
34867,myntradataset\images\34867.jpg,34867.jpg
8272,myntradataset\images\8272.jpg,8272.jpg
17881,myntradataset\images\17881.jpg,17881.jpg
26687,myntradataset\images\26687.jpg,26687.jpg
47207,myntradataset\images\47207.jpg,47207.jpg
11810,myntradataset\images\11810.jpg,11810.jpg
38542,myntradataset\images\38542.jpg,38542.jpg
17043,myntradataset\images\17043.jpg,17043.jpg
21690,myntradataset\images\21690.jpg,21690.jpg
43730,myntradataset\images\43730.jpg,43730.jpg
42889,myntradataset\images\42889.jpg,42889.jpg
23213,myntradataset\images\23213.jpg,23213.jpg
26935,myntradataset\images\26935.jpg,26935.jpg
10794,myntradataset\images\10794.jpg,10794.jpg
52198,myntradataset\images\52198.jpg,52198.jpg
26041,myntradataset\images\26041.jpg,26041.jpg
3991,myntradataset\images\3991.jpg,3991.jpg
12505,myntradataset\images\12505.jpg,12505.jpg
15982,myntradataset\images\15982.jpg,15982.jpg
34447,myntradataset\images\34447.jpg,34447.jpg
49875,myntradataset\images\49875.jpg,49875.jpg
39139,myntradataset\images\39139.jpg,39139.jpg
15408,myntradataset\images\15408.jpg,15408.jpg
15842,myntradataset\images\15842.jpg,15842.jpg
48827,myntradataset\images\48827.jpg,48827.jpg
2293,myntradataset\images\2293.jpg,2293.jpg
47529,myntradataset\images\47529.jpg,47529.jpg
50021,myntradataset\images\50021.jpg,50021.jpg
13208,myntradataset\images\13208.jpg,13208.jpg
29073,myntradataset\images\29073.jpg,29073.jpg
38640,myntradataset\images\38640.jpg,38640.jpg
31911,myntradataset\images\31911.jpg,31911.jpg
8442,myntradataset\images\8442.jpg,8442.jpg
18567,myntradataset\images\18567.jpg,18567.jpg
6631,myntradataset\images\6631.jpg,6631.jpg
55535,myntradataset\images\55535.jpg,55535.jpg
19268,myntradataset\images\19268.jpg,19268.jpg
8050,myntradataset\images\8050.jpg,8050.jpg
3675,myntradataset\images\3675.jpg,3675.jpg
54732,myntradataset\images\54732.jpg,54732.jpg
8476,myntradataset\images\8476.jpg,8476.jpg
23831,myntradataset\images\23831.jpg,23831.jpg
6963,myntradataset\images\6963.jpg,6963.jpg
20600,myntradataset\images\20600.jpg,20600.jpg
43129,myntradataset\images\43129.jpg,43129.jpg
11623,myntradataset\images\11623.jpg,11623.jpg
4954,myntradataset\images\4954.jpg,4954.jpg
51644,myntradataset\images\51644.jpg,51644.jpg
32287,myntradataset\images\32287.jpg,32287.jpg
19048,myntradataset\images\19048.jpg,19048.jpg
18164,myntradataset\images\18164.jpg,18164.jpg
58547,myntradataset\images\58547.jpg,58547.jpg
32720,myntradataset\images\32720.jpg,32720.jpg
12991,myntradataset\images\12991.jpg,12991.jpg
58309,myntradataset\images\58309.jpg,58309.jpg
39170,myntradataset\images\39170.jpg,39170.jpg
4767,myntradataset\images\4767.jpg,4767.jpg
55115,myntradataset\images\55115.jpg,55115.jpg
23447,myntradataset\images\23447.jpg,23447.jpg
51421,myntradataset\images\51421.jpg,51421.jpg
33999,myntradataset\images\33999.jpg,33999.jpg
2157,myntradataset\images\2157.jpg,2157.jpg
42858,myntradataset\images\42858.jpg,42858.jpg
29202,myntradataset\images\29202.jpg,29202.jpg
12956,myntradataset\images\12956.jpg,12956.jpg
8586,myntradataset\images\8586.jpg,8586.jpg
34883,myntradataset\images\34883.jpg,34883.jpg
59260,myntradataset\images\59260.jpg,59260.jpg
36836,myntradataset\images\36836.jpg,36836.jpg
55508,myntradataset\images\55508.jpg,55508.jpg
33836,myntradataset\images\33836.jpg,33836.jpg
40998,myntradataset\images\40998.jpg,40998.jpg
50936,myntradataset\images\50936.jpg,50936.jpg
19523,myntradataset\images\19523.jpg,19523.jpg
16142,myntradataset\images\16142.jpg,16142.jpg
20106,myntradataset\images\20106.jpg,20106.jpg
40697,myntradataset\images\40697.jpg,40697.jpg
20036,myntradataset\images\20036.jpg,20036.jpg
52380,myntradataset\images\52380.jpg,52380.jpg
11399,myntradataset\images\11399.jpg,11399.jpg
10383,myntradataset\images\10383.jpg,10383.jpg
40675,myntradataset\images\40675.jpg,40675.jpg
47431,myntradataset\images\47431.jpg,47431.jpg
55429,myntradataset\images\55429.jpg,55429.jpg
30141,myntradataset\images\30141.jpg,30141.jpg
4602,myntradataset\images\4602.jpg,4602.jpg
15490,myntradataset\images\15490.jpg,15490.jpg
51557,myntradataset\images\51557.jpg,51557.jpg
52969,myntradataset\images\52969.jpg,52969.jpg
28474,myntradataset\images\28474.jpg,28474.jpg
5955,myntradataset\images\5955.jpg,5955.jpg
42905,myntradataset\images\42905.jpg,42905.jpg
46505,myntradataset\images\46505.jpg,46505.jpg
44400,myntradataset\images\44400.jpg,44400.jpg
57644,myntradataset\images\57644.jpg,57644.jpg
53479,myntradataset\images\53479.jpg,53479.jpg
33253,myntradataset\images\33253.jpg,33253.jpg
36581,myntradataset\images\36581.jpg,36581.jpg
8448,myntradataset\images\8448.jpg,8448.jpg
49948,myntradataset\images\49948.jpg,49948.jpg
22789,myntradataset\images\22789.jpg,22789.jpg
25185,myntradataset\images\25185.jpg,25185.jpg
8971,myntradataset\images\8971.jpg,8971.jpg
11967,myntradataset\images\11967.jpg,11967.jpg
44195,myntradataset\images\44195.jpg,44195.jpg
16865,myntradataset\images\16865.jpg,16865.jpg
38326,myntradataset\images\38326.jpg,38326.jpg
48226,myntradataset\images\48226.jpg,48226.jpg
52428,myntradataset\images\52428.jpg,52428.jpg
42977,myntradataset\images\42977.jpg,42977.jpg
52063,myntradataset\images\52063.jpg,52063.jpg
33896,myntradataset\images\33896.jpg,33896.jpg
23209,myntradataset\images\23209.jpg,23209.jpg
45919,myntradataset\images\45919.jpg,45919.jpg
2303,myntradataset\images\2303.jpg,2303.jpg
44691,myntradataset\images\44691.jpg,44691.jpg
9464,myntradataset\images\9464.jpg,9464.jpg
19012,myntradataset\images\19012.jpg,19012.jpg
56261,myntradataset\images\56261.jpg,56261.jpg
52776,myntradataset\images\52776.jpg,52776.jpg
7087,myntradataset\images\7087.jpg,7087.jpg
2972,myntradataset\images\2972.jpg,2972.jpg
35434,myntradataset\images\35434.jpg,35434.jpg
46404,myntradataset\images\46404.jpg,46404.jpg
45150,myntradataset\images\45150.jpg,45150.jpg
57853,myntradataset\images\57853.jpg,57853.jpg
7085,myntradataset\images\7085.jpg,7085.jpg
46635,myntradataset\images\46635.jpg,46635.jpg
36523,myntradataset\images\36523.jpg,36523.jpg
4716,myntradataset\images\4716.jpg,4716.jpg
9118,myntradataset\images\9118.jpg,9118.jpg
17529,myntradataset\images\17529.jpg,17529.jpg
51020,myntradataset\images\51020.jpg,51020.jpg
37683,myntradataset\images\37683.jpg,37683.jpg
46995,myntradataset\images\46995.jpg,46995.jpg
22200,myntradataset\images\22200.jpg,22200.jpg
32457,myntradataset\images\32457.jpg,32457.jpg
54852,myntradataset\images\54852.jpg,54852.jpg
6247,myntradataset\images\6247.jpg,6247.jpg
20122,myntradataset\images\20122.jpg,20122.jpg
18008,myntradataset\images\18008.jpg,18008.jpg
33634,myntradataset\images\33634.jpg,33634.jpg
27454,myntradataset\images\27454.jpg,27454.jpg
13244,myntradataset\images\13244.jpg,13244.jpg
18875,myntradataset\images\18875.jpg,18875.jpg
54937,myntradataset\images\54937.jpg,54937.jpg
13109,myntradataset\images\13109.jpg,13109.jpg
37695,myntradataset\images\37695.jpg,37695.jpg
23802,myntradataset\images\23802.jpg,23802.jpg
6592,myntradataset\images\6592.jpg,6592.jpg
44847,myntradataset\images\44847.jpg,44847.jpg
22142,myntradataset\images\22142.jpg,22142.jpg
1787,myntradataset\images\1787.jpg,1787.jpg
40010,myntradataset\images\40010.jpg,40010.jpg
7671,myntradataset\images\7671.jpg,7671.jpg
15258,myntradataset\images\15258.jpg,15258.jpg
49737,myntradataset\images\49737.jpg,49737.jpg
25116,myntradataset\images\25116.jpg,25116.jpg
59026,myntradataset\images\59026.jpg,59026.jpg
45925,myntradataset\images\45925.jpg,45925.jpg
22796,myntradataset\images\22796.jpg,22796.jpg
18499,myntradataset\images\18499.jpg,18499.jpg
57911,myntradataset\images\57911.jpg,57911.jpg
18689,myntradataset\images\18689.jpg,18689.jpg
40022,myntradataset\images\40022.jpg,40022.jpg
33290,myntradataset\images\33290.jpg,33290.jpg
23937,myntradataset\images\23937.jpg,23937.jpg
6231,myntradataset\images\6231.jpg,6231.jpg
44781,myntradataset\images\44781.jpg,44781.jpg
49820,myntradataset\images\49820.jpg,49820.jpg
4446,myntradataset\images\4446.jpg,4446.jpg
44401,myntradataset\images\44401.jpg,44401.jpg
4735,myntradataset\images\4735.jpg,4735.jpg
56156,myntradataset\images\56156.jpg,56156.jpg
25734,myntradataset\images\25734.jpg,25734.jpg
6654,myntradataset\images\6654.jpg,6654.jpg
31208,myntradataset\images\31208.jpg,31208.jpg
35558,myntradataset\images\35558.jpg,35558.jpg
45250,myntradataset\images\45250.jpg,45250.jpg
59619,myntradataset\images\59619.jpg,59619.jpg
29211,myntradataset\images\29211.jpg,29211.jpg
33884,myntradataset\images\33884.jpg,33884.jpg
17451,myntradataset\images\17451.jpg,17451.jpg
1728,myntradataset\images\1728.jpg,1728.jpg
33084,myntradataset\images\33084.jpg,33084.jpg
4834,myntradataset\images\4834.jpg,4834.jpg
33757,myntradataset\images\33757.jpg,33757.jpg
13423,myntradataset\images\13423.jpg,13423.jpg
40063,myntradataset\images\40063.jpg,40063.jpg
41565,myntradataset\images\41565.jpg,41565.jpg
46352,myntradataset\images\46352.jpg,46352.jpg
18415,myntradataset\images\18415.jpg,18415.jpg
43077,myntradataset\images\43077.jpg,43077.jpg
19550,myntradataset\images\19550.jpg,19550.jpg
32813,myntradataset\images\32813.jpg,32813.jpg
32178,myntradataset\images\32178.jpg,32178.jpg
55058,myntradataset\images\55058.jpg,55058.jpg
40417,myntradataset\images\40417.jpg,40417.jpg
9410,myntradataset\images\9410.jpg,9410.jpg
11888,myntradataset\images\11888.jpg,11888.jpg
55999,myntradataset\images\55999.jpg,55999.jpg
52484,myntradataset\images\52484.jpg,52484.jpg
7017,myntradataset\images\7017.jpg,7017.jpg
11990,myntradataset\images\11990.jpg,11990.jpg
6741,myntradataset\images\6741.jpg,6741.jpg
20405,myntradataset\images\20405.jpg,20405.jpg
13477,myntradataset\images\13477.jpg,13477.jpg
8314,myntradataset\images\8314.jpg,8314.jpg
16975,myntradataset\images\16975.jpg,16975.jpg
5155,myntradataset\images\5155.jpg,5155.jpg
27604,myntradataset\images\27604.jpg,27604.jpg
32159,myntradataset\images\32159.jpg,32159.jpg
21651,myntradataset\images\21651.jpg,21651.jpg
6939,myntradataset\images\6939.jpg,6939.jpg
41405,myntradataset\images\41405.jpg,41405.jpg
27538,myntradataset\images\27538.jpg,27538.jpg
13542,myntradataset\images\13542.jpg,13542.jpg
23041,myntradataset\images\23041.jpg,23041.jpg
27467,myntradataset\images\27467.jpg,27467.jpg
48869,myntradataset\images\48869.jpg,48869.jpg
47590,myntradataset\images\47590.jpg,47590.jpg
3047,myntradataset\images\3047.jpg,3047.jpg
38692,myntradataset\images\38692.jpg,38692.jpg
8515,myntradataset\images\8515.jpg,8515.jpg
39881,myntradataset\images\39881.jpg,39881.jpg
34754,myntradataset\images\34754.jpg,34754.jpg
2580,myntradataset\images\2580.jpg,2580.jpg
54375,myntradataset\images\54375.jpg,54375.jpg
16467,myntradataset\images\16467.jpg,16467.jpg
3656,myntradataset\images\3656.jpg,3656.jpg
59929,myntradataset\images\59929.jpg,59929.jpg
33436,myntradataset\images\33436.jpg,33436.jpg
8093,myntradataset\images\8093.jpg,8093.jpg
24213,myntradataset\images\24213.jpg,24213.jpg
34815,myntradataset\images\34815.jpg,34815.jpg
19829,myntradataset\images\19829.jpg,19829.jpg
59897,myntradataset\images\59897.jpg,59897.jpg
7382,myntradataset\images\7382.jpg,7382.jpg
57986,myntradataset\images\57986.jpg,57986.jpg
21522,myntradataset\images\21522.jpg,21522.jpg
38994,myntradataset\images\38994.jpg,38994.jpg
46090,myntradataset\images\46090.jpg,46090.jpg
21762,myntradataset\images\21762.jpg,21762.jpg
8882,myntradataset\images\8882.jpg,8882.jpg
9077,myntradataset\images\9077.jpg,9077.jpg
14662,myntradataset\images\14662.jpg,14662.jpg
4631,myntradataset\images\4631.jpg,4631.jpg
4025,myntradataset\images\4025.jpg,4025.jpg
59696,myntradataset\images\59696.jpg,59696.jpg
39628,myntradataset\images\39628.jpg,39628.jpg
4783,myntradataset\images\4783.jpg,4783.jpg
30463,myntradataset\images\30463.jpg,30463.jpg
2368,myntradataset\images\2368.jpg,2368.jpg
31177,myntradataset\images\31177.jpg,31177.jpg
40055,myntradataset\images\40055.jpg,40055.jpg
7045,myntradataset\images\7045.jpg,7045.jpg
59944,myntradataset\images\59944.jpg,59944.jpg
28057,myntradataset\images\28057.jpg,28057.jpg
7768,myntradataset\images\7768.jpg,7768.jpg
17948,myntradataset\images\17948.jpg,17948.jpg
2339,myntradataset\images\2339.jpg,2339.jpg
5261,myntradataset\images\5261.jpg,5261.jpg
3103,myntradataset\images\3103.jpg,3103.jpg
7858,myntradataset\images\7858.jpg,7858.jpg
17495,myntradataset\images\17495.jpg,17495.jpg
55196,myntradataset\images\55196.jpg,55196.jpg
16180,myntradataset\images\16180.jpg,16180.jpg
5859,myntradataset\images\5859.jpg,5859.jpg
18454,myntradataset\images\18454.jpg,18454.jpg
54562,myntradataset\images\54562.jpg,54562.jpg
8220,myntradataset\images\8220.jpg,8220.jpg
46036,myntradataset\images\46036.jpg,46036.jpg
23596,myntradataset\images\23596.jpg,23596.jpg
40000,myntradataset\images\40000.jpg,40000.jpg
51386,myntradataset\images\51386.jpg,51386.jpg
48127,myntradataset\images\48127.jpg,48127.jpg
36069,myntradataset\images\36069.jpg,36069.jpg
43566,myntradataset\images\43566.jpg,43566.jpg
56211,myntradataset\images\56211.jpg,56211.jpg
34598,myntradataset\images\34598.jpg,34598.jpg
34710,myntradataset\images\34710.jpg,34710.jpg
16504,myntradataset\images\16504.jpg,16504.jpg
39005,myntradataset\images\39005.jpg,39005.jpg
45229,myntradataset\images\45229.jpg,45229.jpg
22937,myntradataset\images\22937.jpg,22937.jpg
39727,myntradataset\images\39727.jpg,39727.jpg
32439,myntradataset\images\32439.jpg,32439.jpg
16993,myntradataset\images\16993.jpg,16993.jpg
46766,myntradataset\images\46766.jpg,46766.jpg
52907,myntradataset\images\52907.jpg,52907.jpg
17999,myntradataset\images\17999.jpg,17999.jpg
25241,myntradataset\images\25241.jpg,25241.jpg
13259,myntradataset\images\13259.jpg,13259.jpg
4425,myntradataset\images\4425.jpg,4425.jpg
52487,myntradataset\images\52487.jpg,52487.jpg
56265,myntradataset\images\56265.jpg,56265.jpg
27429,myntradataset\images\27429.jpg,27429.jpg
8236,myntradataset\images\8236.jpg,8236.jpg
8975,myntradataset\images\8975.jpg,8975.jpg
51961,myntradataset\images\51961.jpg,51961.jpg
12810,myntradataset\images\12810.jpg,12810.jpg
8229,myntradataset\images\8229.jpg,8229.jpg
25788,myntradataset\images\25788.jpg,25788.jpg
11938,myntradataset\images\11938.jpg,11938.jpg
18748,myntradataset\images\18748.jpg,18748.jpg
5071,myntradataset\images\5071.jpg,5071.jpg
9618,myntradataset\images\9618.jpg,9618.jpg
42827,myntradataset\images\42827.jpg,42827.jpg
54706,myntradataset\images\54706.jpg,54706.jpg
16812,myntradataset\images\16812.jpg,16812.jpg
38055,myntradataset\images\38055.jpg,38055.jpg
4830,myntradataset\images\4830.jpg,4830.jpg
27076,myntradataset\images\27076.jpg,27076.jpg
48633,myntradataset\images\48633.jpg,48633.jpg
26261,myntradataset\images\26261.jpg,26261.jpg
17124,myntradataset\images\17124.jpg,17124.jpg
28318,myntradataset\images\28318.jpg,28318.jpg
33513,myntradataset\images\33513.jpg,33513.jpg
40578,myntradataset\images\40578.jpg,40578.jpg
16063,myntradataset\images\16063.jpg,16063.jpg
23953,myntradataset\images\23953.jpg,23953.jpg
57890,myntradataset\images\57890.jpg,57890.jpg
55238,myntradataset\images\55238.jpg,55238.jpg
11298,myntradataset\images\11298.jpg,11298.jpg
3356,myntradataset\images\3356.jpg,3356.jpg
56126,myntradataset\images\56126.jpg,56126.jpg
50172,myntradataset\images\50172.jpg,50172.jpg
24550,myntradataset\images\24550.jpg,24550.jpg
3727,myntradataset\images\3727.jpg,3727.jpg
7473,myntradataset\images\7473.jpg,7473.jpg
54482,myntradataset\images\54482.jpg,54482.jpg
33882,myntradataset\images\33882.jpg,33882.jpg
58765,myntradataset\images\58765.jpg,58765.jpg
45500,myntradataset\images\45500.jpg,45500.jpg
31627,myntradataset\images\31627.jpg,31627.jpg
16806,myntradataset\images\16806.jpg,16806.jpg
37228,myntradataset\images\37228.jpg,37228.jpg
4905,myntradataset\images\4905.jpg,4905.jpg
5087,myntradataset\images\5087.jpg,5087.jpg
26404,myntradataset\images\26404.jpg,26404.jpg
24119,myntradataset\images\24119.jpg,24119.jpg
31450,myntradataset\images\31450.jpg,31450.jpg
29011,myntradataset\images\29011.jpg,29011.jpg
20251,myntradataset\images\20251.jpg,20251.jpg
15112,myntradataset\images\15112.jpg,15112.jpg
49966,myntradataset\images\49966.jpg,49966.jpg
26362,myntradataset\images\26362.jpg,26362.jpg
56491,myntradataset\images\56491.jpg,56491.jpg
18644,myntradataset\images\18644.jpg,18644.jpg
55612,myntradataset\images\55612.jpg,55612.jpg
33982,myntradataset\images\33982.jpg,33982.jpg
13035,myntradataset\images\13035.jpg,13035.jpg
46682,myntradataset\images\46682.jpg,46682.jpg
39945,myntradataset\images\39945.jpg,39945.jpg
12186,myntradataset\images\12186.jpg,12186.jpg
52998,myntradataset\images\52998.jpg,52998.jpg
45759,myntradataset\images\45759.jpg,45759.jpg
7773,myntradataset\images\7773.jpg,7773.jpg
2693,myntradataset\images\2693.jpg,2693.jpg
3504,myntradataset\images\3504.jpg,3504.jpg
22664,myntradataset\images\22664.jpg,22664.jpg
26887,myntradataset\images\26887.jpg,26887.jpg
33693,myntradataset\images\33693.jpg,33693.jpg
31966,myntradataset\images\31966.jpg,31966.jpg
58559,myntradataset\images\58559.jpg,58559.jpg
13976,myntradataset\images\13976.jpg,13976.jpg
50487,myntradataset\images\50487.jpg,50487.jpg
55826,myntradataset\images\55826.jpg,55826.jpg
36577,myntradataset\images\36577.jpg,36577.jpg
54155,myntradataset\images\54155.jpg,54155.jpg
14120,myntradataset\images\14120.jpg,14120.jpg
15953,myntradataset\images\15953.jpg,15953.jpg
26344,myntradataset\images\26344.jpg,26344.jpg
11459,myntradataset\images\11459.jpg,11459.jpg
12245,myntradataset\images\12245.jpg,12245.jpg
45009,myntradataset\images\45009.jpg,45009.jpg
47168,myntradataset\images\47168.jpg,47168.jpg
18708,myntradataset\images\18708.jpg,18708.jpg
9830,myntradataset\images\9830.jpg,9830.jpg
58962,myntradataset\images\58962.jpg,58962.jpg
54089,myntradataset\images\54089.jpg,54089.jpg
26382,myntradataset\images\26382.jpg,26382.jpg
14110,myntradataset\images\14110.jpg,14110.jpg
14479,myntradataset\images\14479.jpg,14479.jpg
9391,myntradataset\images\9391.jpg,9391.jpg
18386,myntradataset\images\18386.jpg,18386.jpg
46494,myntradataset\images\46494.jpg,46494.jpg
22178,myntradataset\images\22178.jpg,22178.jpg
12043,myntradataset\images\12043.jpg,12043.jpg
48679,myntradataset\images\48679.jpg,48679.jpg
25931,myntradataset\images\25931.jpg,25931.jpg
41044,myntradataset\images\41044.jpg,41044.jpg
29033,myntradataset\images\29033.jpg,29033.jpg
7425,myntradataset\images\7425.jpg,7425.jpg
31686,myntradataset\images\31686.jpg,31686.jpg
55469,myntradataset\images\55469.jpg,55469.jpg
22570,myntradataset\images\22570.jpg,22570.jpg
14633,myntradataset\images\14633.jpg,14633.jpg
17539,myntradataset\images\17539.jpg,17539.jpg
5427,myntradataset\images\5427.jpg,5427.jpg
53927,myntradataset\images\53927.jpg,53927.jpg
21800,myntradataset\images\21800.jpg,21800.jpg
27187,myntradataset\images\27187.jpg,27187.jpg
17919,myntradataset\images\17919.jpg,17919.jpg
46523,myntradataset\images\46523.jpg,46523.jpg
4191,myntradataset\images\4191.jpg,4191.jpg
49242,myntradataset\images\49242.jpg,49242.jpg
19819,myntradataset\images\19819.jpg,19819.jpg
13902,myntradataset\images\13902.jpg,13902.jpg
36281,myntradataset\images\36281.jpg,36281.jpg
51426,myntradataset\images\51426.jpg,51426.jpg
25479,myntradataset\images\25479.jpg,25479.jpg
45996,myntradataset\images\45996.jpg,45996.jpg
37524,myntradataset\images\37524.jpg,37524.jpg
51330,myntradataset\images\51330.jpg,51330.jpg
38009,myntradataset\images\38009.jpg,38009.jpg
54162,myntradataset\images\54162.jpg,54162.jpg
34747,myntradataset\images\34747.jpg,34747.jpg
25539,myntradataset\images\25539.jpg,25539.jpg
32468,myntradataset\images\32468.jpg,32468.jpg
31062,myntradataset\images\31062.jpg,31062.jpg
33931,myntradataset\images\33931.jpg,33931.jpg
39544,myntradataset\images\39544.jpg,39544.jpg
46595,myntradataset\images\46595.jpg,46595.jpg
49722,myntradataset\images\49722.jpg,49722.jpg
39176,myntradataset\images\39176.jpg,39176.jpg
58691,myntradataset\images\58691.jpg,58691.jpg
49767,myntradataset\images\49767.jpg,49767.jpg
3445,myntradataset\images\3445.jpg,3445.jpg
2201,myntradataset\images\2201.jpg,2201.jpg
19693,myntradataset\images\19693.jpg,19693.jpg
27885,myntradataset\images\27885.jpg,27885.jpg
44271,myntradataset\images\44271.jpg,44271.jpg
15166,myntradataset\images\15166.jpg,15166.jpg
35096,myntradataset\images\35096.jpg,35096.jpg
47166,myntradataset\images\47166.jpg,47166.jpg
36952,myntradataset\images\36952.jpg,36952.jpg
15050,myntradataset\images\15050.jpg,15050.jpg
16626,myntradataset\images\16626.jpg,16626.jpg
35671,myntradataset\images\35671.jpg,35671.jpg
32521,myntradataset\images\32521.jpg,32521.jpg
13537,myntradataset\images\13537.jpg,13537.jpg
3336,myntradataset\images\3336.jpg,3336.jpg
28042,myntradataset\images\28042.jpg,28042.jpg
7824,myntradataset\images\7824.jpg,7824.jpg
37691,myntradataset\images\37691.jpg,37691.jpg
8553,myntradataset\images\8553.jpg,8553.jpg
4755,myntradataset\images\4755.jpg,4755.jpg
20930,myntradataset\images\20930.jpg,20930.jpg
11119,myntradataset\images\11119.jpg,11119.jpg
58270,myntradataset\images\58270.jpg,58270.jpg
19125,myntradataset\images\19125.jpg,19125.jpg
58050,myntradataset\images\58050.jpg,58050.jpg
54646,myntradataset\images\54646.jpg,54646.jpg
17396,myntradataset\images\17396.jpg,17396.jpg
25105,myntradataset\images\25105.jpg,25105.jpg
24909,myntradataset\images\24909.jpg,24909.jpg
3417,myntradataset\images\3417.jpg,3417.jpg
6356,myntradataset\images\6356.jpg,6356.jpg
59568,myntradataset\images\59568.jpg,59568.jpg
43356,myntradataset\images\43356.jpg,43356.jpg
33765,myntradataset\images\33765.jpg,33765.jpg
3027,myntradataset\images\3027.jpg,3027.jpg
29405,myntradataset\images\29405.jpg,29405.jpg
42232,myntradataset\images\42232.jpg,42232.jpg
53621,myntradataset\images\53621.jpg,53621.jpg
59054,myntradataset\images\59054.jpg,59054.jpg
47323,myntradataset\images\47323.jpg,47323.jpg
24417,myntradataset\images\24417.jpg,24417.jpg
29496,myntradataset\images\29496.jpg,29496.jpg
36698,myntradataset\images\36698.jpg,36698.jpg
7594,myntradataset\images\7594.jpg,7594.jpg
11088,myntradataset\images\11088.jpg,11088.jpg
8973,myntradataset\images\8973.jpg,8973.jpg
51353,myntradataset\images\51353.jpg,51353.jpg
10369,myntradataset\images\10369.jpg,10369.jpg
35917,myntradataset\images\35917.jpg,35917.jpg
32444,myntradataset\images\32444.jpg,32444.jpg
12616,myntradataset\images\12616.jpg,12616.jpg
55153,myntradataset\images\55153.jpg,55153.jpg
13587,myntradataset\images\13587.jpg,13587.jpg
8466,myntradataset\images\8466.jpg,8466.jpg
7243,myntradataset\images\7243.jpg,7243.jpg
6655,myntradataset\images\6655.jpg,6655.jpg
48230,myntradataset\images\48230.jpg,48230.jpg
20169,myntradataset\images\20169.jpg,20169.jpg
52087,myntradataset\images\52087.jpg,52087.jpg
12406,myntradataset\images\12406.jpg,12406.jpg
59682,myntradataset\images\59682.jpg,59682.jpg
7541,myntradataset\images\7541.jpg,7541.jpg
6681,myntradataset\images\6681.jpg,6681.jpg
15168,myntradataset\images\15168.jpg,15168.jpg
2980,myntradataset\images\2980.jpg,2980.jpg
43521,myntradataset\images\43521.jpg,43521.jpg
12148,myntradataset\images\12148.jpg,12148.jpg
19539,myntradataset\images\19539.jpg,19539.jpg
48259,myntradataset\images\48259.jpg,48259.jpg
28938,myntradataset\images\28938.jpg,28938.jpg
3313,myntradataset\images\3313.jpg,3313.jpg
5321,myntradataset\images\5321.jpg,5321.jpg
5015,myntradataset\images\5015.jpg,5015.jpg
54384,myntradataset\images\54384.jpg,54384.jpg
33355,myntradataset\images\33355.jpg,33355.jpg
17268,myntradataset\images\17268.jpg,17268.jpg
37490,myntradataset\images\37490.jpg,37490.jpg
57675,myntradataset\images\57675.jpg,57675.jpg
58620,myntradataset\images\58620.jpg,58620.jpg
6118,myntradataset\images\6118.jpg,6118.jpg
11510,myntradataset\images\11510.jpg,11510.jpg
16797,myntradataset\images\16797.jpg,16797.jpg
15388,myntradataset\images\15388.jpg,15388.jpg
3372,myntradataset\images\3372.jpg,3372.jpg
35497,myntradataset\images\35497.jpg,35497.jpg
15147,myntradataset\images\15147.jpg,15147.jpg
55557,myntradataset\images\55557.jpg,55557.jpg
13026,myntradataset\images\13026.jpg,13026.jpg
28168,myntradataset\images\28168.jpg,28168.jpg
17134,myntradataset\images\17134.jpg,17134.jpg
28246,myntradataset\images\28246.jpg,28246.jpg
16729,myntradataset\images\16729.jpg,16729.jpg
56351,myntradataset\images\56351.jpg,56351.jpg
56864,myntradataset\images\56864.jpg,56864.jpg
8720,myntradataset\images\8720.jpg,8720.jpg
14816,myntradataset\images\14816.jpg,14816.jpg
27473,myntradataset\images\27473.jpg,27473.jpg
54139,myntradataset\images\54139.jpg,54139.jpg
46610,myntradataset\images\46610.jpg,46610.jpg
34269,myntradataset\images\34269.jpg,34269.jpg
3294,myntradataset\images\3294.jpg,3294.jpg
18472,myntradataset\images\18472.jpg,18472.jpg
28465,myntradataset\images\28465.jpg,28465.jpg
33854,myntradataset\images\33854.jpg,33854.jpg
10351,myntradataset\images\10351.jpg,10351.jpg
11570,myntradataset\images\11570.jpg,11570.jpg
20580,myntradataset\images\20580.jpg,20580.jpg
14572,myntradataset\images\14572.jpg,14572.jpg
19167,myntradataset\images\19167.jpg,19167.jpg
8892,myntradataset\images\8892.jpg,8892.jpg
6061,myntradataset\images\6061.jpg,6061.jpg
4639,myntradataset\images\4639.jpg,4639.jpg
10306,myntradataset\images\10306.jpg,10306.jpg
27775,myntradataset\images\27775.jpg,27775.jpg
16125,myntradataset\images\16125.jpg,16125.jpg
5148,myntradataset\images\5148.jpg,5148.jpg
5085,myntradataset\images\5085.jpg,5085.jpg
22990,myntradataset\images\22990.jpg,22990.jpg
23462,myntradataset\images\23462.jpg,23462.jpg
23324,myntradataset\images\23324.jpg,23324.jpg
42967,myntradataset\images\42967.jpg,42967.jpg
22652,myntradataset\images\22652.jpg,22652.jpg
14088,myntradataset\images\14088.jpg,14088.jpg
22374,myntradataset\images\22374.jpg,22374.jpg
41346,myntradataset\images\41346.jpg,41346.jpg
15707,myntradataset\images\15707.jpg,15707.jpg
2318,myntradataset\images\2318.jpg,2318.jpg
10360,myntradataset\images\10360.jpg,10360.jpg
14960,myntradataset\images\14960.jpg,14960.jpg
28514,myntradataset\images\28514.jpg,28514.jpg
49817,myntradataset\images\49817.jpg,49817.jpg
8785,myntradataset\images\8785.jpg,8785.jpg
27356,myntradataset\images\27356.jpg,27356.jpg
25959,myntradataset\images\25959.jpg,25959.jpg
29196,myntradataset\images\29196.jpg,29196.jpg
24016,myntradataset\images\24016.jpg,24016.jpg
22080,myntradataset\images\22080.jpg,22080.jpg
26799,myntradataset\images\26799.jpg,26799.jpg
45672,myntradataset\images\45672.jpg,45672.jpg
26558,myntradataset\images\26558.jpg,26558.jpg
15771,myntradataset\images\15771.jpg,15771.jpg
31314,myntradataset\images\31314.jpg,31314.jpg
42821,myntradataset\images\42821.jpg,42821.jpg
31581,myntradataset\images\31581.jpg,31581.jpg
59705,myntradataset\images\59705.jpg,59705.jpg
58472,myntradataset\images\58472.jpg,58472.jpg
11689,myntradataset\images\11689.jpg,11689.jpg
42950,myntradataset\images\42950.jpg,42950.jpg
38428,myntradataset\images\38428.jpg,38428.jpg
7660,myntradataset\images\7660.jpg,7660.jpg
40125,myntradataset\images\40125.jpg,40125.jpg
29732,myntradataset\images\29732.jpg,29732.jpg
58488,myntradataset\images\58488.jpg,58488.jpg
41262,myntradataset\images\41262.jpg,41262.jpg
4554,myntradataset\images\4554.jpg,4554.jpg
2158,myntradataset\images\2158.jpg,2158.jpg
12625,myntradataset\images\12625.jpg,12625.jpg
46311,myntradataset\images\46311.jpg,46311.jpg
12615,myntradataset\images\12615.jpg,12615.jpg
12623,myntradataset\images\12623.jpg,12623.jpg
9550,myntradataset\images\9550.jpg,9550.jpg
27822,myntradataset\images\27822.jpg,27822.jpg
56203,myntradataset\images\56203.jpg,56203.jpg
57658,myntradataset\images\57658.jpg,57658.jpg
50957,myntradataset\images\50957.jpg,50957.jpg
41939,myntradataset\images\41939.jpg,41939.jpg
58992,myntradataset\images\58992.jpg,58992.jpg
8719,myntradataset\images\8719.jpg,8719.jpg
51846,myntradataset\images\51846.jpg,51846.jpg
3545,myntradataset\images\3545.jpg,3545.jpg
47567,myntradataset\images\47567.jpg,47567.jpg
19430,myntradataset\images\19430.jpg,19430.jpg
28970,myntradataset\images\28970.jpg,28970.jpg
42065,myntradataset\images\42065.jpg,42065.jpg
39142,myntradataset\images\39142.jpg,39142.jpg
25148,myntradataset\images\25148.jpg,25148.jpg
10852,myntradataset\images\10852.jpg,10852.jpg
56923,myntradataset\images\56923.jpg,56923.jpg
46953,myntradataset\images\46953.jpg,46953.jpg
12204,myntradataset\images\12204.jpg,12204.jpg
19524,myntradataset\images\19524.jpg,19524.jpg
14000,myntradataset\images\14000.jpg,14000.jpg
25996,myntradataset\images\25996.jpg,25996.jpg
32222,myntradataset\images\32222.jpg,32222.jpg
56254,myntradataset\images\56254.jpg,56254.jpg
37164,myntradataset\images\37164.jpg,37164.jpg
19666,myntradataset\images\19666.jpg,19666.jpg
10247,myntradataset\images\10247.jpg,10247.jpg
14461,myntradataset\images\14461.jpg,14461.jpg
56479,myntradataset\images\56479.jpg,56479.jpg
4173,myntradataset\images\4173.jpg,4173.jpg
17245,myntradataset\images\17245.jpg,17245.jpg
1813,myntradataset\images\1813.jpg,1813.jpg
3944,myntradataset\images\3944.jpg,3944.jpg
14060,myntradataset\images\14060.jpg,14060.jpg
28672,myntradataset\images\28672.jpg,28672.jpg
28706,myntradataset\images\28706.jpg,28706.jpg
46466,myntradataset\images\46466.jpg,46466.jpg
58494,myntradataset\images\58494.jpg,58494.jpg
6706,myntradataset\images\6706.jpg,6706.jpg
46839,myntradataset\images\46839.jpg,46839.jpg
33283,myntradataset\images\33283.jpg,33283.jpg
38634,myntradataset\images\38634.jpg,38634.jpg
30542,myntradataset\images\30542.jpg,30542.jpg
51629,myntradataset\images\51629.jpg,51629.jpg
15292,myntradataset\images\15292.jpg,15292.jpg
7550,myntradataset\images\7550.jpg,7550.jpg
19743,myntradataset\images\19743.jpg,19743.jpg
14024,myntradataset\images\14024.jpg,14024.jpg
26891,myntradataset\images\26891.jpg,26891.jpg
46865,myntradataset\images\46865.jpg,46865.jpg
21023,myntradataset\images\21023.jpg,21023.jpg
56943,myntradataset\images\56943.jpg,56943.jpg
41843,myntradataset\images\41843.jpg,41843.jpg
29756,myntradataset\images\29756.jpg,29756.jpg
51677,myntradataset\images\51677.jpg,51677.jpg
1566,myntradataset\images\1566.jpg,1566.jpg
45254,myntradataset\images\45254.jpg,45254.jpg
59758,myntradataset\images\59758.jpg,59758.jpg
3951,myntradataset\images\3951.jpg,3951.jpg
18635,myntradataset\images\18635.jpg,18635.jpg
12608,myntradataset\images\12608.jpg,12608.jpg
14677,myntradataset\images\14677.jpg,14677.jpg
20760,myntradataset\images\20760.jpg,20760.jpg
50384,myntradataset\images\50384.jpg,50384.jpg
7092,myntradataset\images\7092.jpg,7092.jpg
10200,myntradataset\images\10200.jpg,10200.jpg
6823,myntradataset\images\6823.jpg,6823.jpg
38401,myntradataset\images\38401.jpg,38401.jpg
3547,myntradataset\images\3547.jpg,3547.jpg
26746,myntradataset\images\26746.jpg,26746.jpg
36562,myntradataset\images\36562.jpg,36562.jpg
59442,myntradataset\images\59442.jpg,59442.jpg
24919,myntradataset\images\24919.jpg,24919.jpg
45934,myntradataset\images\45934.jpg,45934.jpg
59544,myntradataset\images\59544.jpg,59544.jpg
30077,myntradataset\images\30077.jpg,30077.jpg
15734,myntradataset\images\15734.jpg,15734.jpg
53669,myntradataset\images\53669.jpg,53669.jpg
15917,myntradataset\images\15917.jpg,15917.jpg
21895,myntradataset\images\21895.jpg,21895.jpg
23220,myntradataset\images\23220.jpg,23220.jpg
25641,myntradataset\images\25641.jpg,25641.jpg
1891,myntradataset\images\1891.jpg,1891.jpg
2187,myntradataset\images\2187.jpg,2187.jpg
21323,myntradataset\images\21323.jpg,21323.jpg
48988,myntradataset\images\48988.jpg,48988.jpg
45643,myntradataset\images\45643.jpg,45643.jpg
16339,myntradataset\images\16339.jpg,16339.jpg
59087,myntradataset\images\59087.jpg,59087.jpg
35460,myntradataset\images\35460.jpg,35460.jpg
27832,myntradataset\images\27832.jpg,27832.jpg
5324,myntradataset\images\5324.jpg,5324.jpg
12003,myntradataset\images\12003.jpg,12003.jpg
29892,myntradataset\images\29892.jpg,29892.jpg
33558,myntradataset\images\33558.jpg,33558.jpg
44925,myntradataset\images\44925.jpg,44925.jpg
24732,myntradataset\images\24732.jpg,24732.jpg
39165,myntradataset\images\39165.jpg,39165.jpg
20685,myntradataset\images\20685.jpg,20685.jpg
26275,myntradataset\images\26275.jpg,26275.jpg
39813,myntradataset\images\39813.jpg,39813.jpg
25891,myntradataset\images\25891.jpg,25891.jpg
47674,myntradataset\images\47674.jpg,47674.jpg
7625,myntradataset\images\7625.jpg,7625.jpg
32509,myntradataset\images\32509.jpg,32509.jpg
39990,myntradataset\images\39990.jpg,39990.jpg
48867,myntradataset\images\48867.jpg,48867.jpg
6825,myntradataset\images\6825.jpg,6825.jpg
10327,myntradataset\images\10327.jpg,10327.jpg
23982,myntradataset\images\23982.jpg,23982.jpg
36664,myntradataset\images\36664.jpg,36664.jpg
37723,myntradataset\images\37723.jpg,37723.jpg
59469,myntradataset\images\59469.jpg,59469.jpg
17516,myntradataset\images\17516.jpg,17516.jpg
10391,myntradataset\images\10391.jpg,10391.jpg
49239,myntradataset\images\49239.jpg,49239.jpg
56452,myntradataset\images\56452.jpg,56452.jpg
49556,myntradataset\images\49556.jpg,49556.jpg
52659,myntradataset\images\52659.jpg,52659.jpg
54576,myntradataset\images\54576.jpg,54576.jpg
31385,myntradataset\images\31385.jpg,31385.jpg
43135,myntradataset\images\43135.jpg,43135.jpg
21124,myntradataset\images\21124.jpg,21124.jpg
5895,myntradataset\images\5895.jpg,5895.jpg
59022,myntradataset\images\59022.jpg,59022.jpg
54002,myntradataset\images\54002.jpg,54002.jpg
45635,myntradataset\images\45635.jpg,45635.jpg
29759,myntradataset\images\29759.jpg,29759.jpg
9962,myntradataset\images\9962.jpg,9962.jpg
50318,myntradataset\images\50318.jpg,50318.jpg
47111,myntradataset\images\47111.jpg,47111.jpg
28805,myntradataset\images\28805.jpg,28805.jpg
38129,myntradataset\images\38129.jpg,38129.jpg
32223,myntradataset\images\32223.jpg,32223.jpg
50462,myntradataset\images\50462.jpg,50462.jpg
10804,myntradataset\images\10804.jpg,10804.jpg
46381,myntradataset\images\46381.jpg,46381.jpg
18629,myntradataset\images\18629.jpg,18629.jpg
11443,myntradataset\images\11443.jpg,11443.jpg
56993,myntradataset\images\56993.jpg,56993.jpg
27440,myntradataset\images\27440.jpg,27440.jpg
5795,myntradataset\images\5795.jpg,5795.jpg
36764,myntradataset\images\36764.jpg,36764.jpg
43618,myntradataset\images\43618.jpg,43618.jpg
35000,myntradataset\images\35000.jpg,35000.jpg
34833,myntradataset\images\34833.jpg,34833.jpg
3841,myntradataset\images\3841.jpg,3841.jpg
52504,myntradataset\images\52504.jpg,52504.jpg
18732,myntradataset\images\18732.jpg,18732.jpg
17803,myntradataset\images\17803.jpg,17803.jpg
44006,myntradataset\images\44006.jpg,44006.jpg
7388,myntradataset\images\7388.jpg,7388.jpg
16614,myntradataset\images\16614.jpg,16614.jpg
2897,myntradataset\images\2897.jpg,2897.jpg
43111,myntradataset\images\43111.jpg,43111.jpg
3283,myntradataset\images\3283.jpg,3283.jpg
24355,myntradataset\images\24355.jpg,24355.jpg
49078,myntradataset\images\49078.jpg,49078.jpg
37378,myntradataset\images\37378.jpg,37378.jpg
41303,myntradataset\images\41303.jpg,41303.jpg
9532,myntradataset\images\9532.jpg,9532.jpg
49016,myntradataset\images\49016.jpg,49016.jpg
9264,myntradataset\images\9264.jpg,9264.jpg
43269,myntradataset\images\43269.jpg,43269.jpg
10742,myntradataset\images\10742.jpg,10742.jpg
18404,myntradataset\images\18404.jpg,18404.jpg
6035,myntradataset\images\6035.jpg,6035.jpg
40315,myntradataset\images\40315.jpg,40315.jpg
53033,myntradataset\images\53033.jpg,53033.jpg
56005,myntradataset\images\56005.jpg,56005.jpg
30726,myntradataset\images\30726.jpg,30726.jpg
32312,myntradataset\images\32312.jpg,32312.jpg
34082,myntradataset\images\34082.jpg,34082.jpg
32305,myntradataset\images\32305.jpg,32305.jpg
9651,myntradataset\images\9651.jpg,9651.jpg
4903,myntradataset\images\4903.jpg,4903.jpg
47452,myntradataset\images\47452.jpg,47452.jpg
28723,myntradataset\images\28723.jpg,28723.jpg
7149,myntradataset\images\7149.jpg,7149.jpg
41322,myntradataset\images\41322.jpg,41322.jpg
17172,myntradataset\images\17172.jpg,17172.jpg
40545,myntradataset\images\40545.jpg,40545.jpg
21922,myntradataset\images\21922.jpg,21922.jpg
36542,myntradataset\images\36542.jpg,36542.jpg
8494,myntradataset\images\8494.jpg,8494.jpg
51335,myntradataset\images\51335.jpg,51335.jpg
28566,myntradataset\images\28566.jpg,28566.jpg
47016,myntradataset\images\47016.jpg,47016.jpg
35994,myntradataset\images\35994.jpg,35994.jpg
50850,myntradataset\images\50850.jpg,50850.jpg
55447,myntradataset\images\55447.jpg,55447.jpg
23705,myntradataset\images\23705.jpg,23705.jpg
8077,myntradataset\images\8077.jpg,8077.jpg
5400,myntradataset\images\5400.jpg,5400.jpg
55210,myntradataset\images\55210.jpg,55210.jpg
46115,myntradataset\images\46115.jpg,46115.jpg
11130,myntradataset\images\11130.jpg,11130.jpg
24743,myntradataset\images\24743.jpg,24743.jpg
28216,myntradataset\images\28216.jpg,28216.jpg
49607,myntradataset\images\49607.jpg,49607.jpg
7077,myntradataset\images\7077.jpg,7077.jpg
5415,myntradataset\images\5415.jpg,5415.jpg
46763,myntradataset\images\46763.jpg,46763.jpg
10475,myntradataset\images\10475.jpg,10475.jpg
39892,myntradataset\images\39892.jpg,39892.jpg
45001,myntradataset\images\45001.jpg,45001.jpg
43811,myntradataset\images\43811.jpg,43811.jpg
38789,myntradataset\images\38789.jpg,38789.jpg
12546,myntradataset\images\12546.jpg,12546.jpg
4575,myntradataset\images\4575.jpg,4575.jpg
26264,myntradataset\images\26264.jpg,26264.jpg
30257,myntradataset\images\30257.jpg,30257.jpg
25872,myntradataset\images\25872.jpg,25872.jpg
45603,myntradataset\images\45603.jpg,45603.jpg
17403,myntradataset\images\17403.jpg,17403.jpg
47109,myntradataset\images\47109.jpg,47109.jpg
40551,myntradataset\images\40551.jpg,40551.jpg
33362,myntradataset\images\33362.jpg,33362.jpg
3181,myntradataset\images\3181.jpg,3181.jpg
58294,myntradataset\images\58294.jpg,58294.jpg
10265,myntradataset\images\10265.jpg,10265.jpg
42823,myntradataset\images\42823.jpg,42823.jpg
13510,myntradataset\images\13510.jpg,13510.jpg
14055,myntradataset\images\14055.jpg,14055.jpg
48036,myntradataset\images\48036.jpg,48036.jpg
52417,myntradataset\images\52417.jpg,52417.jpg
5572,myntradataset\images\5572.jpg,5572.jpg
2679,myntradataset\images\2679.jpg,2679.jpg
33026,myntradataset\images\33026.jpg,33026.jpg
6206,myntradataset\images\6206.jpg,6206.jpg
2939,myntradataset\images\2939.jpg,2939.jpg
30714,myntradataset\images\30714.jpg,30714.jpg
59510,myntradataset\images\59510.jpg,59510.jpg
38178,myntradataset\images\38178.jpg,38178.jpg
5692,myntradataset\images\5692.jpg,5692.jpg
41871,myntradataset\images\41871.jpg,41871.jpg
12798,myntradataset\images\12798.jpg,12798.jpg
44219,myntradataset\images\44219.jpg,44219.jpg
8798,myntradataset\images\8798.jpg,8798.jpg
11166,myntradataset\images\11166.jpg,11166.jpg
17398,myntradataset\images\17398.jpg,17398.jpg
27559,myntradataset\images\27559.jpg,27559.jpg
11203,myntradataset\images\11203.jpg,11203.jpg
56676,myntradataset\images\56676.jpg,56676.jpg
15876,myntradataset\images\15876.jpg,15876.jpg
11756,myntradataset\images\11756.jpg,11756.jpg
24021,myntradataset\images\24021.jpg,24021.jpg
5423,myntradataset\images\5423.jpg,5423.jpg
11323,myntradataset\images\11323.jpg,11323.jpg
45321,myntradataset\images\45321.jpg,45321.jpg
26181,myntradataset\images\26181.jpg,26181.jpg
33969,myntradataset\images\33969.jpg,33969.jpg
13093,myntradataset\images\13093.jpg,13093.jpg
24051,myntradataset\images\24051.jpg,24051.jpg
59297,myntradataset\images\59297.jpg,59297.jpg
9236,myntradataset\images\9236.jpg,9236.jpg
37963,myntradataset\images\37963.jpg,37963.jpg
13749,myntradataset\images\13749.jpg,13749.jpg
44947,myntradataset\images\44947.jpg,44947.jpg
54053,myntradataset\images\54053.jpg,54053.jpg
17274,myntradataset\images\17274.jpg,17274.jpg
44831,myntradataset\images\44831.jpg,44831.jpg
21406,myntradataset\images\21406.jpg,21406.jpg
25166,myntradataset\images\25166.jpg,25166.jpg
8597,myntradataset\images\8597.jpg,8597.jpg
5111,myntradataset\images\5111.jpg,5111.jpg
26703,myntradataset\images\26703.jpg,26703.jpg
28610,myntradataset\images\28610.jpg,28610.jpg
17501,myntradataset\images\17501.jpg,17501.jpg
18615,myntradataset\images\18615.jpg,18615.jpg
42625,myntradataset\images\42625.jpg,42625.jpg
24995,myntradataset\images\24995.jpg,24995.jpg
29034,myntradataset\images\29034.jpg,29034.jpg
38340,myntradataset\images\38340.jpg,38340.jpg
5525,myntradataset\images\5525.jpg,5525.jpg
34963,myntradataset\images\34963.jpg,34963.jpg
48469,myntradataset\images\48469.jpg,48469.jpg
59900,myntradataset\images\59900.jpg,59900.jpg
13880,myntradataset\images\13880.jpg,13880.jpg
12012,myntradataset\images\12012.jpg,12012.jpg
39737,myntradataset\images\39737.jpg,39737.jpg
2668,myntradataset\images\2668.jpg,2668.jpg
3817,myntradataset\images\3817.jpg,3817.jpg
22214,myntradataset\images\22214.jpg,22214.jpg
3497,myntradataset\images\3497.jpg,3497.jpg
10741,myntradataset\images\10741.jpg,10741.jpg
49408,myntradataset\images\49408.jpg,49408.jpg
25523,myntradataset\images\25523.jpg,25523.jpg
11676,myntradataset\images\11676.jpg,11676.jpg
21628,myntradataset\images\21628.jpg,21628.jpg
3405,myntradataset\images\3405.jpg,3405.jpg
2319,myntradataset\images\2319.jpg,2319.jpg
27121,myntradataset\images\27121.jpg,27121.jpg
15074,myntradataset\images\15074.jpg,15074.jpg
50496,myntradataset\images\50496.jpg,50496.jpg
37731,myntradataset\images\37731.jpg,37731.jpg
14326,myntradataset\images\14326.jpg,14326.jpg
16425,myntradataset\images\16425.jpg,16425.jpg
4467,myntradataset\images\4467.jpg,4467.jpg
37957,myntradataset\images\37957.jpg,37957.jpg
7323,myntradataset\images\7323.jpg,7323.jpg
5537,myntradataset\images\5537.jpg,5537.jpg
55849,myntradataset\images\55849.jpg,55849.jpg
58903,myntradataset\images\58903.jpg,58903.jpg
22859,myntradataset\images\22859.jpg,22859.jpg
38143,myntradataset\images\38143.jpg,38143.jpg
38306,myntradataset\images\38306.jpg,38306.jpg
10499,myntradataset\images\10499.jpg,10499.jpg
20002,myntradataset\images\20002.jpg,20002.jpg
36653,myntradataset\images\36653.jpg,36653.jpg
49513,myntradataset\images\49513.jpg,49513.jpg
26880,myntradataset\images\26880.jpg,26880.jpg
47652,myntradataset\images\47652.jpg,47652.jpg
35696,myntradataset\images\35696.jpg,35696.jpg
13451,myntradataset\images\13451.jpg,13451.jpg
45568,myntradataset\images\45568.jpg,45568.jpg
42944,myntradataset\images\42944.jpg,42944.jpg
50002,myntradataset\images\50002.jpg,50002.jpg
7902,myntradataset\images\7902.jpg,7902.jpg
40946,myntradataset\images\40946.jpg,40946.jpg
11074,myntradataset\images\11074.jpg,11074.jpg
39738,myntradataset\images\39738.jpg,39738.jpg
21140,myntradataset\images\21140.jpg,21140.jpg
1763,myntradataset\images\1763.jpg,1763.jpg
38137,myntradataset\images\38137.jpg,38137.jpg
58166,myntradataset\images\58166.jpg,58166.jpg
46663,myntradataset\images\46663.jpg,46663.jpg
46867,myntradataset\images\46867.jpg,46867.jpg
44755,myntradataset\images\44755.jpg,44755.jpg
38868,myntradataset\images\38868.jpg,38868.jpg
17193,myntradataset\images\17193.jpg,17193.jpg
21592,myntradataset\images\21592.jpg,21592.jpg
45269,myntradataset\images\45269.jpg,45269.jpg
32607,myntradataset\images\32607.jpg,32607.jpg
27494,myntradataset\images\27494.jpg,27494.jpg
18825,myntradataset\images\18825.jpg,18825.jpg
10294,myntradataset\images\10294.jpg,10294.jpg
10223,myntradataset\images\10223.jpg,10223.jpg
19493,myntradataset\images\19493.jpg,19493.jpg
11568,myntradataset\images\11568.jpg,11568.jpg
37543,myntradataset\images\37543.jpg,37543.jpg
56388,myntradataset\images\56388.jpg,56388.jpg
13238,myntradataset\images\13238.jpg,13238.jpg
22988,myntradataset\images\22988.jpg,22988.jpg
47592,myntradataset\images\47592.jpg,47592.jpg
7447,myntradataset\images\7447.jpg,7447.jpg
14396,myntradataset\images\14396.jpg,14396.jpg
7184,myntradataset\images\7184.jpg,7184.jpg
13319,myntradataset\images\13319.jpg,13319.jpg
5808,myntradataset\images\5808.jpg,5808.jpg
31589,myntradataset\images\31589.jpg,31589.jpg
3857,myntradataset\images\3857.jpg,3857.jpg
58624,myntradataset\images\58624.jpg,58624.jpg
13414,myntradataset\images\13414.jpg,13414.jpg
6412,myntradataset\images\6412.jpg,6412.jpg
50480,myntradataset\images\50480.jpg,50480.jpg
44800,myntradataset\images\44800.jpg,44800.jpg
50976,myntradataset\images\50976.jpg,50976.jpg
9508,myntradataset\images\9508.jpg,9508.jpg
36770,myntradataset\images\36770.jpg,36770.jpg
42144,myntradataset\images\42144.jpg,42144.jpg
25629,myntradataset\images\25629.jpg,25629.jpg
19057,myntradataset\images\19057.jpg,19057.jpg
37266,myntradataset\images\37266.jpg,37266.jpg
32757,myntradataset\images\32757.jpg,32757.jpg
45627,myntradataset\images\45627.jpg,45627.jpg
17697,myntradataset\images\17697.jpg,17697.jpg
16163,myntradataset\images\16163.jpg,16163.jpg
19406,myntradataset\images\19406.jpg,19406.jpg
14868,myntradataset\images\14868.jpg,14868.jpg
1925,myntradataset\images\1925.jpg,1925.jpg
35446,myntradataset\images\35446.jpg,35446.jpg
35482,myntradataset\images\35482.jpg,35482.jpg
46244,myntradataset\images\46244.jpg,46244.jpg
20518,myntradataset\images\20518.jpg,20518.jpg
52119,myntradataset\images\52119.jpg,52119.jpg
10710,myntradataset\images\10710.jpg,10710.jpg
55338,myntradataset\images\55338.jpg,55338.jpg
4856,myntradataset\images\4856.jpg,4856.jpg
12202,myntradataset\images\12202.jpg,12202.jpg
26937,myntradataset\images\26937.jpg,26937.jpg
7758,myntradataset\images\7758.jpg,7758.jpg
25896,myntradataset\images\25896.jpg,25896.jpg
23167,myntradataset\images\23167.jpg,23167.jpg
20823,myntradataset\images\20823.jpg,20823.jpg
47355,myntradataset\images\47355.jpg,47355.jpg
14498,myntradataset\images\14498.jpg,14498.jpg
50310,myntradataset\images\50310.jpg,50310.jpg
57372,myntradataset\images\57372.jpg,57372.jpg
5759,myntradataset\images\5759.jpg,5759.jpg
3511,myntradataset\images\3511.jpg,3511.jpg
34518,myntradataset\images\34518.jpg,34518.jpg
15922,myntradataset\images\15922.jpg,15922.jpg
11583,myntradataset\images\11583.jpg,11583.jpg
44179,myntradataset\images\44179.jpg,44179.jpg
45985,myntradataset\images\45985.jpg,45985.jpg
11108,myntradataset\images\11108.jpg,11108.jpg
39665,myntradataset\images\39665.jpg,39665.jpg
5963,myntradataset\images\5963.jpg,5963.jpg
50394,myntradataset\images\50394.jpg,50394.jpg
6711,myntradataset\images\6711.jpg,6711.jpg
40533,myntradataset\images\40533.jpg,40533.jpg
24648,myntradataset\images\24648.jpg,24648.jpg
3266,myntradataset\images\3266.jpg,3266.jpg
9594,myntradataset\images\9594.jpg,9594.jpg
44757,myntradataset\images\44757.jpg,44757.jpg
44191,myntradataset\images\44191.jpg,44191.jpg
5164,myntradataset\images\5164.jpg,5164.jpg
54682,myntradataset\images\54682.jpg,54682.jpg
45891,myntradataset\images\45891.jpg,45891.jpg
44279,myntradataset\images\44279.jpg,44279.jpg
6363,myntradataset\images\6363.jpg,6363.jpg
47115,myntradataset\images\47115.jpg,47115.jpg
14061,myntradataset\images\14061.jpg,14061.jpg
59396,myntradataset\images\59396.jpg,59396.jpg
57436,myntradataset\images\57436.jpg,57436.jpg
39478,myntradataset\images\39478.jpg,39478.jpg
5850,myntradataset\images\5850.jpg,5850.jpg
10856,myntradataset\images\10856.jpg,10856.jpg
36784,myntradataset\images\36784.jpg,36784.jpg
38196,myntradataset\images\38196.jpg,38196.jpg
41601,myntradataset\images\41601.jpg,41601.jpg
18687,myntradataset\images\18687.jpg,18687.jpg
53788,myntradataset\images\53788.jpg,53788.jpg
39462,myntradataset\images\39462.jpg,39462.jpg
2291,myntradataset\images\2291.jpg,2291.jpg
55296,myntradataset\images\55296.jpg,55296.jpg
30601,myntradataset\images\30601.jpg,30601.jpg
46492,myntradataset\images\46492.jpg,46492.jpg
47597,myntradataset\images\47597.jpg,47597.jpg
7723,myntradataset\images\7723.jpg,7723.jpg
37413,myntradataset\images\37413.jpg,37413.jpg
58522,myntradataset\images\58522.jpg,58522.jpg
25907,myntradataset\images\25907.jpg,25907.jpg
38015,myntradataset\images\38015.jpg,38015.jpg
19219,myntradataset\images\19219.jpg,19219.jpg
33120,myntradataset\images\33120.jpg,33120.jpg
25530,myntradataset\images\25530.jpg,25530.jpg
6376,myntradataset\images\6376.jpg,6376.jpg
55162,myntradataset\images\55162.jpg,55162.jpg
45623,myntradataset\images\45623.jpg,45623.jpg
44153,myntradataset\images\44153.jpg,44153.jpg
25843,myntradataset\images\25843.jpg,25843.jpg
24376,myntradataset\images\24376.jpg,24376.jpg
59698,myntradataset\images\59698.jpg,59698.jpg
39306,myntradataset\images\39306.jpg,39306.jpg
14164,myntradataset\images\14164.jpg,14164.jpg
4750,myntradataset\images\4750.jpg,4750.jpg
29107,myntradataset\images\29107.jpg,29107.jpg
57709,myntradataset\images\57709.jpg,57709.jpg
37207,myntradataset\images\37207.jpg,37207.jpg
4138,myntradataset\images\4138.jpg,4138.jpg
14971,myntradataset\images\14971.jpg,14971.jpg
38312,myntradataset\images\38312.jpg,38312.jpg
35043,myntradataset\images\35043.jpg,35043.jpg
17705,myntradataset\images\17705.jpg,17705.jpg
59229,myntradataset\images\59229.jpg,59229.jpg
24694,myntradataset\images\24694.jpg,24694.jpg
14696,myntradataset\images\14696.jpg,14696.jpg
6585,myntradataset\images\6585.jpg,6585.jpg
10444,myntradataset\images\10444.jpg,10444.jpg
37779,myntradataset\images\37779.jpg,37779.jpg
51716,myntradataset\images\51716.jpg,51716.jpg
59464,myntradataset\images\59464.jpg,59464.jpg
31020,myntradataset\images\31020.jpg,31020.jpg
25582,myntradataset\images\25582.jpg,25582.jpg
12543,myntradataset\images\12543.jpg,12543.jpg
48099,myntradataset\images\48099.jpg,48099.jpg
10474,myntradataset\images\10474.jpg,10474.jpg
19570,myntradataset\images\19570.jpg,19570.jpg
55817,myntradataset\images\55817.jpg,55817.jpg
38810,myntradataset\images\38810.jpg,38810.jpg
48491,myntradataset\images\48491.jpg,48491.jpg
5383,myntradataset\images\5383.jpg,5383.jpg
7220,myntradataset\images\7220.jpg,7220.jpg
28962,myntradataset\images\28962.jpg,28962.jpg
6307,myntradataset\images\6307.jpg,6307.jpg
13242,myntradataset\images\13242.jpg,13242.jpg
33405,myntradataset\images\33405.jpg,33405.jpg
11997,myntradataset\images\11997.jpg,11997.jpg
54071,myntradataset\images\54071.jpg,54071.jpg
37324,myntradataset\images\37324.jpg,37324.jpg
25752,myntradataset\images\25752.jpg,25752.jpg
33900,myntradataset\images\33900.jpg,33900.jpg
43994,myntradataset\images\43994.jpg,43994.jpg
42816,myntradataset\images\42816.jpg,42816.jpg
58855,myntradataset\images\58855.jpg,58855.jpg
14637,myntradataset\images\14637.jpg,14637.jpg
18551,myntradataset\images\18551.jpg,18551.jpg
15351,myntradataset\images\15351.jpg,15351.jpg
26066,myntradataset\images\26066.jpg,26066.jpg
48511,myntradataset\images\48511.jpg,48511.jpg
6802,myntradataset\images\6802.jpg,6802.jpg
8529,myntradataset\images\8529.jpg,8529.jpg
39525,myntradataset\images\39525.jpg,39525.jpg
29289,myntradataset\images\29289.jpg,29289.jpg
56309,myntradataset\images\56309.jpg,56309.jpg
8388,myntradataset\images\8388.jpg,8388.jpg
28577,myntradataset\images\28577.jpg,28577.jpg
19725,myntradataset\images\19725.jpg,19725.jpg
37056,myntradataset\images\37056.jpg,37056.jpg
59463,myntradataset\images\59463.jpg,59463.jpg
57428,myntradataset\images\57428.jpg,57428.jpg
51811,myntradataset\images\51811.jpg,51811.jpg
45917,myntradataset\images\45917.jpg,45917.jpg
30233,myntradataset\images\30233.jpg,30233.jpg
32529,myntradataset\images\32529.jpg,32529.jpg
3658,myntradataset\images\3658.jpg,3658.jpg
37956,myntradataset\images\37956.jpg,37956.jpg
47192,myntradataset\images\47192.jpg,47192.jpg
20699,myntradataset\images\20699.jpg,20699.jpg
8611,myntradataset\images\8611.jpg,8611.jpg
18473,myntradataset\images\18473.jpg,18473.jpg
3413,myntradataset\images\3413.jpg,3413.jpg
13754,myntradataset\images\13754.jpg,13754.jpg
20624,myntradataset\images\20624.jpg,20624.jpg
50003,myntradataset\images\50003.jpg,50003.jpg
31930,myntradataset\images\31930.jpg,31930.jpg
18980,myntradataset\images\18980.jpg,18980.jpg
16232,myntradataset\images\16232.jpg,16232.jpg
6767,myntradataset\images\6767.jpg,6767.jpg
57789,myntradataset\images\57789.jpg,57789.jpg
56916,myntradataset\images\56916.jpg,56916.jpg
12487,myntradataset\images\12487.jpg,12487.jpg
53796,myntradataset\images\53796.jpg,53796.jpg
58057,myntradataset\images\58057.jpg,58057.jpg
55471,myntradataset\images\55471.jpg,55471.jpg
57874,myntradataset\images\57874.jpg,57874.jpg
13652,myntradataset\images\13652.jpg,13652.jpg
7801,myntradataset\images\7801.jpg,7801.jpg
30344,myntradataset\images\30344.jpg,30344.jpg
2044,myntradataset\images\2044.jpg,2044.jpg
57779,myntradataset\images\57779.jpg,57779.jpg
10567,myntradataset\images\10567.jpg,10567.jpg
11925,myntradataset\images\11925.jpg,11925.jpg
50446,myntradataset\images\50446.jpg,50446.jpg
40563,myntradataset\images\40563.jpg,40563.jpg
24289,myntradataset\images\24289.jpg,24289.jpg
38425,myntradataset\images\38425.jpg,38425.jpg
52902,myntradataset\images\52902.jpg,52902.jpg
27734,myntradataset\images\27734.jpg,27734.jpg
44379,myntradataset\images\44379.jpg,44379.jpg
32579,myntradataset\images\32579.jpg,32579.jpg
52517,myntradataset\images\52517.jpg,52517.jpg
37320,myntradataset\images\37320.jpg,37320.jpg
25176,myntradataset\images\25176.jpg,25176.jpg
34822,myntradataset\images\34822.jpg,34822.jpg
15341,myntradataset\images\15341.jpg,15341.jpg
53834,myntradataset\images\53834.jpg,53834.jpg
53566,myntradataset\images\53566.jpg,53566.jpg
30952,myntradataset\images\30952.jpg,30952.jpg
34558,myntradataset\images\34558.jpg,34558.jpg
43484,myntradataset\images\43484.jpg,43484.jpg
38456,myntradataset\images\38456.jpg,38456.jpg
58254,myntradataset\images\58254.jpg,58254.jpg
12994,myntradataset\images\12994.jpg,12994.jpg
50343,myntradataset\images\50343.jpg,50343.jpg
46896,myntradataset\images\46896.jpg,46896.jpg
47993,myntradataset\images\47993.jpg,47993.jpg
37611,myntradataset\images\37611.jpg,37611.jpg
11737,myntradataset\images\11737.jpg,11737.jpg
37156,myntradataset\images\37156.jpg,37156.jpg
36739,myntradataset\images\36739.jpg,36739.jpg
49126,myntradataset\images\49126.jpg,49126.jpg
48167,myntradataset\images\48167.jpg,48167.jpg
13165,myntradataset\images\13165.jpg,13165.jpg
7084,myntradataset\images\7084.jpg,7084.jpg
42414,myntradataset\images\42414.jpg,42414.jpg
50276,myntradataset\images\50276.jpg,50276.jpg
24045,myntradataset\images\24045.jpg,24045.jpg
10738,myntradataset\images\10738.jpg,10738.jpg
39568,myntradataset\images\39568.jpg,39568.jpg
53312,myntradataset\images\53312.jpg,53312.jpg
11297,myntradataset\images\11297.jpg,11297.jpg
43531,myntradataset\images\43531.jpg,43531.jpg
36845,myntradataset\images\36845.jpg,36845.jpg
12518,myntradataset\images\12518.jpg,12518.jpg
33538,myntradataset\images\33538.jpg,33538.jpg
54151,myntradataset\images\54151.jpg,54151.jpg
22042,myntradataset\images\22042.jpg,22042.jpg
46473,myntradataset\images\46473.jpg,46473.jpg
22633,myntradataset\images\22633.jpg,22633.jpg
17077,myntradataset\images\17077.jpg,17077.jpg
50560,myntradataset\images\50560.jpg,50560.jpg
16522,myntradataset\images\16522.jpg,16522.jpg
24006,myntradataset\images\24006.jpg,24006.jpg
20680,myntradataset\images\20680.jpg,20680.jpg
42586,myntradataset\images\42586.jpg,42586.jpg
10877,myntradataset\images\10877.jpg,10877.jpg
16057,myntradataset\images\16057.jpg,16057.jpg
35358,myntradataset\images\35358.jpg,35358.jpg
37097,myntradataset\images\37097.jpg,37097.jpg
34803,myntradataset\images\34803.jpg,34803.jpg
55812,myntradataset\images\55812.jpg,55812.jpg
14142,myntradataset\images\14142.jpg,14142.jpg
5545,myntradataset\images\5545.jpg,5545.jpg
26028,myntradataset\images\26028.jpg,26028.jpg
35018,myntradataset\images\35018.jpg,35018.jpg
20934,myntradataset\images\20934.jpg,20934.jpg
35897,myntradataset\images\35897.jpg,35897.jpg
2266,myntradataset\images\2266.jpg,2266.jpg
33773,myntradataset\images\33773.jpg,33773.jpg
31159,myntradataset\images\31159.jpg,31159.jpg
19355,myntradataset\images\19355.jpg,19355.jpg
46598,myntradataset\images\46598.jpg,46598.jpg
46559,myntradataset\images\46559.jpg,46559.jpg
2194,myntradataset\images\2194.jpg,2194.jpg
7597,myntradataset\images\7597.jpg,7597.jpg
17944,myntradataset\images\17944.jpg,17944.jpg
59978,myntradataset\images\59978.jpg,59978.jpg
25197,myntradataset\images\25197.jpg,25197.jpg
43098,myntradataset\images\43098.jpg,43098.jpg
37653,myntradataset\images\37653.jpg,37653.jpg
3915,myntradataset\images\3915.jpg,3915.jpg
35120,myntradataset\images\35120.jpg,35120.jpg
4103,myntradataset\images\4103.jpg,4103.jpg
54182,myntradataset\images\54182.jpg,54182.jpg
36759,myntradataset\images\36759.jpg,36759.jpg
1868,myntradataset\images\1868.jpg,1868.jpg
14717,myntradataset\images\14717.jpg,14717.jpg
59993,myntradataset\images\59993.jpg,59993.jpg
17315,myntradataset\images\17315.jpg,17315.jpg
51867,myntradataset\images\51867.jpg,51867.jpg
9856,myntradataset\images\9856.jpg,9856.jpg
54873,myntradataset\images\54873.jpg,54873.jpg
4453,myntradataset\images\4453.jpg,4453.jpg
22346,myntradataset\images\22346.jpg,22346.jpg
59616,myntradataset\images\59616.jpg,59616.jpg
36657,myntradataset\images\36657.jpg,36657.jpg
21440,myntradataset\images\21440.jpg,21440.jpg
9037,myntradataset\images\9037.jpg,9037.jpg
8802,myntradataset\images\8802.jpg,8802.jpg
6312,myntradataset\images\6312.jpg,6312.jpg
27740,myntradataset\images\27740.jpg,27740.jpg
17791,myntradataset\images\17791.jpg,17791.jpg
3249,myntradataset\images\3249.jpg,3249.jpg
30202,myntradataset\images\30202.jpg,30202.jpg
34398,myntradataset\images\34398.jpg,34398.jpg
25282,myntradataset\images\25282.jpg,25282.jpg
46470,myntradataset\images\46470.jpg,46470.jpg
1845,myntradataset\images\1845.jpg,1845.jpg
38835,myntradataset\images\38835.jpg,38835.jpg
48370,myntradataset\images\48370.jpg,48370.jpg
54731,myntradataset\images\54731.jpg,54731.jpg
10117,myntradataset\images\10117.jpg,10117.jpg
49059,myntradataset\images\49059.jpg,49059.jpg
47296,myntradataset\images\47296.jpg,47296.jpg
41350,myntradataset\images\41350.jpg,41350.jpg
53403,myntradataset\images\53403.jpg,53403.jpg
39998,myntradataset\images\39998.jpg,39998.jpg
20199,myntradataset\images\20199.jpg,20199.jpg
36142,myntradataset\images\36142.jpg,36142.jpg
23585,myntradataset\images\23585.jpg,23585.jpg
45720,myntradataset\images\45720.jpg,45720.jpg
45719,myntradataset\images\45719.jpg,45719.jpg
43333,myntradataset\images\43333.jpg,43333.jpg
55172,myntradataset\images\55172.jpg,55172.jpg
9573,myntradataset\images\9573.jpg,9573.jpg
29612,myntradataset\images\29612.jpg,29612.jpg
10758,myntradataset\images\10758.jpg,10758.jpg
31018,myntradataset\images\31018.jpg,31018.jpg
18937,myntradataset\images\18937.jpg,18937.jpg
44762,myntradataset\images\44762.jpg,44762.jpg
2588,myntradataset\images\2588.jpg,2588.jpg
42886,myntradataset\images\42886.jpg,42886.jpg
32431,myntradataset\images\32431.jpg,32431.jpg
14033,myntradataset\images\14033.jpg,14033.jpg
39232,myntradataset\images\39232.jpg,39232.jpg
24616,myntradataset\images\24616.jpg,24616.jpg
56055,myntradataset\images\56055.jpg,56055.jpg
3216,myntradataset\images\3216.jpg,3216.jpg
3752,myntradataset\images\3752.jpg,3752.jpg
46835,myntradataset\images\46835.jpg,46835.jpg
14298,myntradataset\images\14298.jpg,14298.jpg
43153,myntradataset\images\43153.jpg,43153.jpg
40449,myntradataset\images\40449.jpg,40449.jpg
47293,myntradataset\images\47293.jpg,47293.jpg
57513,myntradataset\images\57513.jpg,57513.jpg
14962,myntradataset\images\14962.jpg,14962.jpg
29918,myntradataset\images\29918.jpg,29918.jpg
56482,myntradataset\images\56482.jpg,56482.jpg
35799,myntradataset\images\35799.jpg,35799.jpg
28921,myntradataset\images\28921.jpg,28921.jpg
45125,myntradataset\images\45125.jpg,45125.jpg
59355,myntradataset\images\59355.jpg,59355.jpg
4870,myntradataset\images\4870.jpg,4870.jpg
57339,myntradataset\images\57339.jpg,57339.jpg
40161,myntradataset\images\40161.jpg,40161.jpg
16999,myntradataset\images\16999.jpg,16999.jpg
12837,myntradataset\images\12837.jpg,12837.jpg
14550,myntradataset\images\14550.jpg,14550.jpg
33715,myntradataset\images\33715.jpg,33715.jpg
41401,myntradataset\images\41401.jpg,41401.jpg
1804,myntradataset\images\1804.jpg,1804.jpg
38314,myntradataset\images\38314.jpg,38314.jpg
24686,myntradataset\images\24686.jpg,24686.jpg
50885,myntradataset\images\50885.jpg,50885.jpg
29384,myntradataset\images\29384.jpg,29384.jpg
32812,myntradataset\images\32812.jpg,32812.jpg
18768,myntradataset\images\18768.jpg,18768.jpg
56897,myntradataset\images\56897.jpg,56897.jpg
48673,myntradataset\images\48673.jpg,48673.jpg
16216,myntradataset\images\16216.jpg,16216.jpg
3045,myntradataset\images\3045.jpg,3045.jpg
39770,myntradataset\images\39770.jpg,39770.jpg
16989,myntradataset\images\16989.jpg,16989.jpg
30199,myntradataset\images\30199.jpg,30199.jpg
2032,myntradataset\images\2032.jpg,2032.jpg
12460,myntradataset\images\12460.jpg,12460.jpg
35992,myntradataset\images\35992.jpg,35992.jpg
56593,myntradataset\images\56593.jpg,56593.jpg
47662,myntradataset\images\47662.jpg,47662.jpg
34597,myntradataset\images\34597.jpg,34597.jpg
10826,myntradataset\images\10826.jpg,10826.jpg
6455,myntradataset\images\6455.jpg,6455.jpg
40405,myntradataset\images\40405.jpg,40405.jpg
8383,myntradataset\images\8383.jpg,8383.jpg
43763,myntradataset\images\43763.jpg,43763.jpg
25936,myntradataset\images\25936.jpg,25936.jpg
21973,myntradataset\images\21973.jpg,21973.jpg
24604,myntradataset\images\24604.jpg,24604.jpg
31423,myntradataset\images\31423.jpg,31423.jpg
24574,myntradataset\images\24574.jpg,24574.jpg
12722,myntradataset\images\12722.jpg,12722.jpg
37054,myntradataset\images\37054.jpg,37054.jpg
25251,myntradataset\images\25251.jpg,25251.jpg
32376,myntradataset\images\32376.jpg,32376.jpg
9659,myntradataset\images\9659.jpg,9659.jpg
50015,myntradataset\images\50015.jpg,50015.jpg
20804,myntradataset\images\20804.jpg,20804.jpg
53823,myntradataset\images\53823.jpg,53823.jpg
32744,myntradataset\images\32744.jpg,32744.jpg
26029,myntradataset\images\26029.jpg,26029.jpg
11468,myntradataset\images\11468.jpg,11468.jpg
39641,myntradataset\images\39641.jpg,39641.jpg
39117,myntradataset\images\39117.jpg,39117.jpg
53640,myntradataset\images\53640.jpg,53640.jpg
49933,myntradataset\images\49933.jpg,49933.jpg
21723,myntradataset\images\21723.jpg,21723.jpg
27928,myntradataset\images\27928.jpg,27928.jpg
7499,myntradataset\images\7499.jpg,7499.jpg
34064,myntradataset\images\34064.jpg,34064.jpg
43308,myntradataset\images\43308.jpg,43308.jpg
58006,myntradataset\images\58006.jpg,58006.jpg
57027,myntradataset\images\57027.jpg,57027.jpg
50213,myntradataset\images\50213.jpg,50213.jpg
3048,myntradataset\images\3048.jpg,3048.jpg
45166,myntradataset\images\45166.jpg,45166.jpg
20950,myntradataset\images\20950.jpg,20950.jpg
14555,myntradataset\images\14555.jpg,14555.jpg
57172,myntradataset\images\57172.jpg,57172.jpg
5630,myntradataset\images\5630.jpg,5630.jpg
57503,myntradataset\images\57503.jpg,57503.jpg
53543,myntradataset\images\53543.jpg,53543.jpg
16884,myntradataset\images\16884.jpg,16884.jpg
1561,myntradataset\images\1561.jpg,1561.jpg
59177,myntradataset\images\59177.jpg,59177.jpg
28968,myntradataset\images\28968.jpg,28968.jpg
56849,myntradataset\images\56849.jpg,56849.jpg
44802,myntradataset\images\44802.jpg,44802.jpg
13371,myntradataset\images\13371.jpg,13371.jpg
35907,myntradataset\images\35907.jpg,35907.jpg
51816,myntradataset\images\51816.jpg,51816.jpg
59451,myntradataset\images\59451.jpg,59451.jpg
57235,myntradataset\images\57235.jpg,57235.jpg
58129,myntradataset\images\58129.jpg,58129.jpg
28712,myntradataset\images\28712.jpg,28712.jpg
38582,myntradataset\images\38582.jpg,38582.jpg
53070,myntradataset\images\53070.jpg,53070.jpg
20769,myntradataset\images\20769.jpg,20769.jpg
47237,myntradataset\images\47237.jpg,47237.jpg
19485,myntradataset\images\19485.jpg,19485.jpg
9968,myntradataset\images\9968.jpg,9968.jpg
45424,myntradataset\images\45424.jpg,45424.jpg
46072,myntradataset\images\46072.jpg,46072.jpg
27263,myntradataset\images\27263.jpg,27263.jpg
19171,myntradataset\images\19171.jpg,19171.jpg
23716,myntradataset\images\23716.jpg,23716.jpg
44255,myntradataset\images\44255.jpg,44255.jpg
3544,myntradataset\images\3544.jpg,3544.jpg
18319,myntradataset\images\18319.jpg,18319.jpg
42598,myntradataset\images\42598.jpg,42598.jpg
54828,myntradataset\images\54828.jpg,54828.jpg
1885,myntradataset\images\1885.jpg,1885.jpg
28775,myntradataset\images\28775.jpg,28775.jpg
16879,myntradataset\images\16879.jpg,16879.jpg
43513,myntradataset\images\43513.jpg,43513.jpg
18614,myntradataset\images\18614.jpg,18614.jpg
46323,myntradataset\images\46323.jpg,46323.jpg
44790,myntradataset\images\44790.jpg,44790.jpg
53561,myntradataset\images\53561.jpg,53561.jpg
43500,myntradataset\images\43500.jpg,43500.jpg
25683,myntradataset\images\25683.jpg,25683.jpg
3550,myntradataset\images\3550.jpg,3550.jpg
46658,myntradataset\images\46658.jpg,46658.jpg
57897,myntradataset\images\57897.jpg,57897.jpg
30529,myntradataset\images\30529.jpg,30529.jpg
23519,myntradataset\images\23519.jpg,23519.jpg
6497,myntradataset\images\6497.jpg,6497.jpg
3374,myntradataset\images\3374.jpg,3374.jpg
17685,myntradataset\images\17685.jpg,17685.jpg
42124,myntradataset\images\42124.jpg,42124.jpg
35999,myntradataset\images\35999.jpg,35999.jpg
24945,myntradataset\images\24945.jpg,24945.jpg
53683,myntradataset\images\53683.jpg,53683.jpg
10510,myntradataset\images\10510.jpg,10510.jpg
11446,myntradataset\images\11446.jpg,11446.jpg
16792,myntradataset\images\16792.jpg,16792.jpg
17031,myntradataset\images\17031.jpg,17031.jpg
4883,myntradataset\images\4883.jpg,4883.jpg
32580,myntradataset\images\32580.jpg,32580.jpg
5841,myntradataset\images\5841.jpg,5841.jpg
42529,myntradataset\images\42529.jpg,42529.jpg
59452,myntradataset\images\59452.jpg,59452.jpg
35532,myntradataset\images\35532.jpg,35532.jpg
37864,myntradataset\images\37864.jpg,37864.jpg
20781,myntradataset\images\20781.jpg,20781.jpg
25874,myntradataset\images\25874.jpg,25874.jpg
17450,myntradataset\images\17450.jpg,17450.jpg
18742,myntradataset\images\18742.jpg,18742.jpg
38053,myntradataset\images\38053.jpg,38053.jpg
50587,myntradataset\images\50587.jpg,50587.jpg
51637,myntradataset\images\51637.jpg,51637.jpg
29779,myntradataset\images\29779.jpg,29779.jpg
16227,myntradataset\images\16227.jpg,16227.jpg
15253,myntradataset\images\15253.jpg,15253.jpg
4667,myntradataset\images\4667.jpg,4667.jpg
18017,myntradataset\images\18017.jpg,18017.jpg
15230,myntradataset\images\15230.jpg,15230.jpg
22998,myntradataset\images\22998.jpg,22998.jpg
19285,myntradataset\images\19285.jpg,19285.jpg
23541,myntradataset\images\23541.jpg,23541.jpg
31904,myntradataset\images\31904.jpg,31904.jpg
29017,myntradataset\images\29017.jpg,29017.jpg
44198,myntradataset\images\44198.jpg,44198.jpg
19424,myntradataset\images\19424.jpg,19424.jpg
41134,myntradataset\images\41134.jpg,41134.jpg
55134,myntradataset\images\55134.jpg,55134.jpg
4485,myntradataset\images\4485.jpg,4485.jpg
53140,myntradataset\images\53140.jpg,53140.jpg
32803,myntradataset\images\32803.jpg,32803.jpg
31824,myntradataset\images\31824.jpg,31824.jpg
5199,myntradataset\images\5199.jpg,5199.jpg
45201,myntradataset\images\45201.jpg,45201.jpg
51899,myntradataset\images\51899.jpg,51899.jpg
11077,myntradataset\images\11077.jpg,11077.jpg
22124,myntradataset\images\22124.jpg,22124.jpg
15631,myntradataset\images\15631.jpg,15631.jpg
20366,myntradataset\images\20366.jpg,20366.jpg
40301,myntradataset\images\40301.jpg,40301.jpg
37563,myntradataset\images\37563.jpg,37563.jpg
17508,myntradataset\images\17508.jpg,17508.jpg
23306,myntradataset\images\23306.jpg,23306.jpg
17638,myntradataset\images\17638.jpg,17638.jpg
3585,myntradataset\images\3585.jpg,3585.jpg
18303,myntradataset\images\18303.jpg,18303.jpg
49921,myntradataset\images\49921.jpg,49921.jpg
17849,myntradataset\images\17849.jpg,17849.jpg
59508,myntradataset\images\59508.jpg,59508.jpg
33111,myntradataset\images\33111.jpg,33111.jpg
17284,myntradataset\images\17284.jpg,17284.jpg
8863,myntradataset\images\8863.jpg,8863.jpg
10284,myntradataset\images\10284.jpg,10284.jpg
22332,myntradataset\images\22332.jpg,22332.jpg
42098,myntradataset\images\42098.jpg,42098.jpg
58063,myntradataset\images\58063.jpg,58063.jpg
46045,myntradataset\images\46045.jpg,46045.jpg
31828,myntradataset\images\31828.jpg,31828.jpg
5289,myntradataset\images\5289.jpg,5289.jpg
58549,myntradataset\images\58549.jpg,58549.jpg
14351,myntradataset\images\14351.jpg,14351.jpg
21219,myntradataset\images\21219.jpg,21219.jpg
34650,myntradataset\images\34650.jpg,34650.jpg
39205,myntradataset\images\39205.jpg,39205.jpg
27883,myntradataset\images\27883.jpg,27883.jpg
5022,myntradataset\images\5022.jpg,5022.jpg
9362,myntradataset\images\9362.jpg,9362.jpg
49029,myntradataset\images\49029.jpg,49029.jpg
34744,myntradataset\images\34744.jpg,34744.jpg
1754,myntradataset\images\1754.jpg,1754.jpg
34646,myntradataset\images\34646.jpg,34646.jpg
22614,myntradataset\images\22614.jpg,22614.jpg
6513,myntradataset\images\6513.jpg,6513.jpg
59535,myntradataset\images\59535.jpg,59535.jpg
9454,myntradataset\images\9454.jpg,9454.jpg
45415,myntradataset\images\45415.jpg,45415.jpg
49288,myntradataset\images\49288.jpg,49288.jpg
7372,myntradataset\images\7372.jpg,7372.jpg
48038,myntradataset\images\48038.jpg,48038.jpg
47868,myntradataset\images\47868.jpg,47868.jpg
23609,myntradataset\images\23609.jpg,23609.jpg
40547,myntradataset\images\40547.jpg,40547.jpg
13070,myntradataset\images\13070.jpg,13070.jpg
2654,myntradataset\images\2654.jpg,2654.jpg
16955,myntradataset\images\16955.jpg,16955.jpg
33406,myntradataset\images\33406.jpg,33406.jpg
26881,myntradataset\images\26881.jpg,26881.jpg
55321,myntradataset\images\55321.jpg,55321.jpg
41593,myntradataset\images\41593.jpg,41593.jpg
52045,myntradataset\images\52045.jpg,52045.jpg
26608,myntradataset\images\26608.jpg,26608.jpg
15744,myntradataset\images\15744.jpg,15744.jpg
35203,myntradataset\images\35203.jpg,35203.jpg
30160,myntradataset\images\30160.jpg,30160.jpg
43504,myntradataset\images\43504.jpg,43504.jpg
4461,myntradataset\images\4461.jpg,4461.jpg
56856,myntradataset\images\56856.jpg,56856.jpg
57968,myntradataset\images\57968.jpg,57968.jpg
19385,myntradataset\images\19385.jpg,19385.jpg
48865,myntradataset\images\48865.jpg,48865.jpg
22861,myntradataset\images\22861.jpg,22861.jpg
22571,myntradataset\images\22571.jpg,22571.jpg
26665,myntradataset\images\26665.jpg,26665.jpg
38844,myntradataset\images\38844.jpg,38844.jpg
25585,myntradataset\images\25585.jpg,25585.jpg
34058,myntradataset\images\34058.jpg,34058.jpg
13954,myntradataset\images\13954.jpg,13954.jpg
49144,myntradataset\images\49144.jpg,49144.jpg
7222,myntradataset\images\7222.jpg,7222.jpg
42603,myntradataset\images\42603.jpg,42603.jpg
19765,myntradataset\images\19765.jpg,19765.jpg
35410,myntradataset\images\35410.jpg,35410.jpg
6404,myntradataset\images\6404.jpg,6404.jpg
46793,myntradataset\images\46793.jpg,46793.jpg
9248,myntradataset\images\9248.jpg,9248.jpg
8017,myntradataset\images\8017.jpg,8017.jpg
50279,myntradataset\images\50279.jpg,50279.jpg
17588,myntradataset\images\17588.jpg,17588.jpg
48559,myntradataset\images\48559.jpg,48559.jpg
34354,myntradataset\images\34354.jpg,34354.jpg
40782,myntradataset\images\40782.jpg,40782.jpg
7581,myntradataset\images\7581.jpg,7581.jpg
23472,myntradataset\images\23472.jpg,23472.jpg
49103,myntradataset\images\49103.jpg,49103.jpg
55131,myntradataset\images\55131.jpg,55131.jpg
27283,myntradataset\images\27283.jpg,27283.jpg
33439,myntradataset\images\33439.jpg,33439.jpg
44660,myntradataset\images\44660.jpg,44660.jpg
42937,myntradataset\images\42937.jpg,42937.jpg
44095,myntradataset\images\44095.jpg,44095.jpg
31642,myntradataset\images\31642.jpg,31642.jpg
36978,myntradataset\images\36978.jpg,36978.jpg
42620,myntradataset\images\42620.jpg,42620.jpg
36734,myntradataset\images\36734.jpg,36734.jpg
9351,myntradataset\images\9351.jpg,9351.jpg
18830,myntradataset\images\18830.jpg,18830.jpg
45162,myntradataset\images\45162.jpg,45162.jpg
34027,myntradataset\images\34027.jpg,34027.jpg
34956,myntradataset\images\34956.jpg,34956.jpg
4910,myntradataset\images\4910.jpg,4910.jpg
36025,myntradataset\images\36025.jpg,36025.jpg
3584,myntradataset\images\3584.jpg,3584.jpg
4885,myntradataset\images\4885.jpg,4885.jpg
28488,myntradataset\images\28488.jpg,28488.jpg
22094,myntradataset\images\22094.jpg,22094.jpg
50947,myntradataset\images\50947.jpg,50947.jpg
1876,myntradataset\images\1876.jpg,1876.jpg
59839,myntradataset\images\59839.jpg,59839.jpg
39942,myntradataset\images\39942.jpg,39942.jpg
54871,myntradataset\images\54871.jpg,54871.jpg
56497,myntradataset\images\56497.jpg,56497.jpg
2661,myntradataset\images\2661.jpg,2661.jpg
21292,myntradataset\images\21292.jpg,21292.jpg
52992,myntradataset\images\52992.jpg,52992.jpg
54533,myntradataset\images\54533.jpg,54533.jpg
34118,myntradataset\images\34118.jpg,34118.jpg
55866,myntradataset\images\55866.jpg,55866.jpg
44949,myntradataset\images\44949.jpg,44949.jpg
50868,myntradataset\images\50868.jpg,50868.jpg
4523,myntradataset\images\4523.jpg,4523.jpg
52182,myntradataset\images\52182.jpg,52182.jpg
39195,myntradataset\images\39195.jpg,39195.jpg
9119,myntradataset\images\9119.jpg,9119.jpg
58895,myntradataset\images\58895.jpg,58895.jpg
37893,myntradataset\images\37893.jpg,37893.jpg
3285,myntradataset\images\3285.jpg,3285.jpg
34432,myntradataset\images\34432.jpg,34432.jpg
37625,myntradataset\images\37625.jpg,37625.jpg
38803,myntradataset\images\38803.jpg,38803.jpg
29642,myntradataset\images\29642.jpg,29642.jpg
25887,myntradataset\images\25887.jpg,25887.jpg
27280,myntradataset\images\27280.jpg,27280.jpg
49470,myntradataset\images\49470.jpg,49470.jpg
21903,myntradataset\images\21903.jpg,21903.jpg
12712,myntradataset\images\12712.jpg,12712.jpg
46665,myntradataset\images\46665.jpg,46665.jpg
30761,myntradataset\images\30761.jpg,30761.jpg
27193,myntradataset\images\27193.jpg,27193.jpg
6542,myntradataset\images\6542.jpg,6542.jpg
18639,myntradataset\images\18639.jpg,18639.jpg
22305,myntradataset\images\22305.jpg,22305.jpg
20173,myntradataset\images\20173.jpg,20173.jpg
5619,myntradataset\images\5619.jpg,5619.jpg
11825,myntradataset\images\11825.jpg,11825.jpg
20874,myntradataset\images\20874.jpg,20874.jpg
20180,myntradataset\images\20180.jpg,20180.jpg
36621,myntradataset\images\36621.jpg,36621.jpg
2377,myntradataset\images\2377.jpg,2377.jpg
11389,myntradataset\images\11389.jpg,11389.jpg
15996,myntradataset\images\15996.jpg,15996.jpg
22322,myntradataset\images\22322.jpg,22322.jpg
10597,myntradataset\images\10597.jpg,10597.jpg
26280,myntradataset\images\26280.jpg,26280.jpg
10765,myntradataset\images\10765.jpg,10765.jpg
43004,myntradataset\images\43004.jpg,43004.jpg
47164,myntradataset\images\47164.jpg,47164.jpg
2895,myntradataset\images\2895.jpg,2895.jpg
39886,myntradataset\images\39886.jpg,39886.jpg
27203,myntradataset\images\27203.jpg,27203.jpg
9211,myntradataset\images\9211.jpg,9211.jpg
36497,myntradataset\images\36497.jpg,36497.jpg
35099,myntradataset\images\35099.jpg,35099.jpg
11916,myntradataset\images\11916.jpg,11916.jpg
50501,myntradataset\images\50501.jpg,50501.jpg
39762,myntradataset\images\39762.jpg,39762.jpg
54393,myntradataset\images\54393.jpg,54393.jpg
2728,myntradataset\images\2728.jpg,2728.jpg
11805,myntradataset\images\11805.jpg,11805.jpg
5344,myntradataset\images\5344.jpg,5344.jpg
46273,myntradataset\images\46273.jpg,46273.jpg
49815,myntradataset\images\49815.jpg,49815.jpg
15748,myntradataset\images\15748.jpg,15748.jpg
5906,myntradataset\images\5906.jpg,5906.jpg
2985,myntradataset\images\2985.jpg,2985.jpg
50652,myntradataset\images\50652.jpg,50652.jpg
38132,myntradataset\images\38132.jpg,38132.jpg
33165,myntradataset\images\33165.jpg,33165.jpg
40765,myntradataset\images\40765.jpg,40765.jpg
52576,myntradataset\images\52576.jpg,52576.jpg
6067,myntradataset\images\6067.jpg,6067.jpg
4317,myntradataset\images\4317.jpg,4317.jpg
17719,myntradataset\images\17719.jpg,17719.jpg
58537,myntradataset\images\58537.jpg,58537.jpg
35022,myntradataset\images\35022.jpg,35022.jpg
10173,myntradataset\images\10173.jpg,10173.jpg
56489,myntradataset\images\56489.jpg,56489.jpg
35026,myntradataset\images\35026.jpg,35026.jpg
19116,myntradataset\images\19116.jpg,19116.jpg
15055,myntradataset\images\15055.jpg,15055.jpg
